LoanID,MemberID,LoanAmount,FundedAmount,Term,IntRate,Installment,Grade,SubGrade,IssueDate,LoanStatus,Purpose,ApplicationType,DTI,TotalPayment,LastPaymentDate
LN-00001,MB-0069,2109000.0,1926200.0,24,22.26,98123.84,E,E3,2024-07-13,Charged Off,Education,Individual,12.35,769211.87,2025-04-05
LN-00002,MB-0106,86000.0,81600.0,12,7.68,7322.24,A,A3,2022-02-08,Fully Paid,Education,Joint,14.08,91585.12,2023-02-19
LN-00003,MB-0037,2977000.0,2902700.0,12,9.74,265451.91,A,A4,29/02/2024,Fully Paid,Agriculture,Individual,16.26,3484086.19,2025-02-23
LN-00004,MB-0330,2809000.0,2711400.0,36,9.46,82441.62,A,A5,2021-02-26,Fully Paid,Vehicle Purchase,Individual,5.36,3365566.41,2024-02-24
LN-00005,MB-0087,2240000.0,2089200.0,24,9.44,95267.52,A,A3,2022-04-17,Fully Paid,Medical Emergency,Individual,17.32,2158720.38,2024-03-23
LN-00006,MB-0207,1508000.0,1432500.0,24,19.49,71320.59,D,D2,2024-07-07,Fully Paid,Agriculture,Joint,27.91,1490691.11,2026-06-09
LN-00007,MB-0112,144000.0,138400.0,60,14.78,2647.59,C,C1,2024-09-17,Fully Paid,Business Expansion,Joint,14.18,141448.06,2029-08-13
LN-00008,MB-0152,2042000.0,1953700.0,48,7.76,43860.56,A,A5,2023-08-02,Fully Paid,Education,Joint,15.92,2424967.85,2027-07-31
LN-00009,MB-0347,1717000.0,1617600.0,36,11.94,50298.37,B,B3,2022-09-05,Charged Off,Wedding,Individual,29.84,710679.36,2024-01-06
LN-00010,MB-0297,2832000.0,2650800.0,24,12.19,123913.85,B,B5,2021-08-22,Fully Paid,Business Expansion,Individual,19.04,3229469.47,2023-08-08
LN-00011,MB-0344,720000.0,681000.0,60,9.22,12396.47,A,A4,2023-11-18,Late,Business Expansion,Joint,6.86,200213.64,2026-10-13
LN-00012,MB-0059,351000.0,345000.0,48,15.13,8274.97,C,C5,28/01/2022,Current,Home Renovation,Joint,43.62,126211.87,2024-03-30
LN-00013,MB-0110,2137000.0,2014300.0,12,12.36,188605.62,B,B1,2024-02-27,Fully Paid,Vehicle Purchase,Joint,39.5,2427121.23,2025-02-01
LN-00014,MB-0191,2847000.0,2767800.0,12,12.95,260519.17,B,B5,30/12/2022,Current,Wedding,Joint,17.2,1240107.07,2023-09-14
LN-00015,MB-0226,1490000.0,1352000.0,36,8.06,40582.53,A,A1,17/08/2022,Late,Medical Emergency,Joint,25.83,1168312.59,2022-09-30
LN-00016,MB-0250,2411000.0,2178400.0,24,12.36,101985.43,B,B1,2024-05-13,Fully Paid,Agriculture,Joint,29.72,2336809.05,2026-05-22
LN-00017,MB-0271,1788000.0,1617000.0,24,9.96,74085.55,A,A2,2022-11-10,Current,Home Renovation,Joint,33.27,978953.06,2023-11-16
LN-00018,MB-0312,2195000.0,2007000.0,48,8.32,45291.3,A,A2,2022-06-21,Fully Paid,Education,Individual,23.5,2469538.51,2026-05-17
LN-00019,MB-0325,1121000.0,1040500.0,24,13.12,49042.23,B,B1,2024-10-27,Fully Paid,Vehicle Purchase,Individual,42.36,1145173.11,2026-11-01
LN-00020,MB-0173,1536000.0,1519700.0,24,16.49,73762.44,C,C4,2022-02-25,Fully Paid,Agriculture,Joint,8.48,1748881.69,2024-02-14
LN-00021,MB-0074,794000.0,760000.0,36,10.72,23374.22,B,B3,2021-06-13,Current,Agriculture,Joint,10.18,668335.38,2023-06-19
LN-00022,MB-0035,2702000.0,2506300.0,36,18.14,82248.41,D,D3,2024-07-06,Fully Paid,Debt Consolidation,Joint,34.62,2671916.25,2027-07-09
LN-00023,MB-0051,2891000.0,2775700.0,12,7.72,249165.34,A,A1,2024-03-24,Fully Paid,Home Renovation,Joint,37.1,3420395.72,2025-03-12
LN-00024,MB-0014,1849000.0,1812100.0,24,13.67,85825.59,C,C4,04/04/2021,Fully Paid,Debt Consolidation,Joint,19.81,2240217.64,2023-03-05
LN-00025,MB-0335,1275000.0,1238000.0,36,20.97,41600.24,E,E1,2022-03-08,fully paid,Vehicle Purchase,Joint,2.8,545804.0,2024-03-03
LN-00026,MB-0337,1026000.0,999400.0,36,,34129.51,E,E5,2021-03-06,Charged Off,Agriculture,Joint,22.54,280509.04,2022-09-29
LN-00027,MB-0005,1983000.0,1938200.0,36,10.95,59734.25,B,B1,2023-04-01,CHARGED OFF,Home Renovation,Individual,29.04,312265.74,2024-11-07
LN-00028,MB-0094,1129000.0,1033000.0,24,10.11,47393.18,A,A5,2021-11-28,Current,Agriculture,Joint,38.79,360718.16,2022-12-15
LN-00029,MB-0109,368000.0,358200.0,12,12.92,33706.62,B,B1,2024-10-12,CHARGED OFF,Debt Consolidation,Joint,41.29,198267.4,2025-02-15
LN-00030,MB-0115,824000.0,777300.0,24,8.56,35159.87,A,A1,2023-05-22,Current,Wedding,Individual,16.02,415202.45,2024-03-20
LN-00031,MB-0154,62000.0,61200.0,24,7.98,2753.49,A,A3,2024-05-08,default,Wedding,Joint,31.36,14218.75,2025-08-30
LN-00032,MB-0153,498000.0,493700.0,24,16.23,23909.48,C,C1,2022-12-22,Fully Paid,Business Expansion,Joint,8.48,542129.08,2024-12-16
LN-00033,MB-0017,2387000.0,2312900.0,12,13.9,219532.76,C,C2,2024-03-23,fully paid,Vehicle Purchase,Individual,27.59,1885014.63,2024-06-22
LN-00034,MB-0270,711000.0,678300.0,60,12.0,12661.6,B,B2,2022-12-26,charged off,Wedding,Individual,6.83,315883.75,06-08-2024
LN-00035,MB-0138,630000.0,570000.0,60,10.36,10484.2,A,A1,2022-10-30,Current,Vehicle Purchase,Joint,13.49,505962.2,2026-12-07
LN-00036,MB-0277,1192000.0,1118700.0,48,12.91,26315.09,B,B2,2024-07-24,Fully Paid,Medical Emergency,Joint,40.62,1396062.44,2028-06-25
LN-00037,MB-0318,1247000.0,1191900.0,48,15.15,28593.18,C,C1,2024-03-29,Fully Paid,Vehicle Purchase,Joint,15.57,1280005.18,2028-03-28
LN-00038,MB-0182,2929000.0,2714100.0,36,13.72,85735.4,C,C4,2024-09-22,Fully Paid,Agriculture,Joint,36.28,3094263.88,2027-09-17
LN-00039,MB-0034,1124000.0,1034600.0,24,18.94,51273.05,D,D5,2021-12-19,Fully Paid,Home Renovation,Joint,12.26,1146016.36,2023-12-16
LN-00040,MB-0129,1102000.0,1080300.0,60,11.41,20059.37,B,B3,2022-07-18,Fully Paid,Agriculture,Joint,30.48,1283457.09,2027-06-13
LN-00041,MB-0349,1586000.0,1465100.0,36,9.07,44388.46,A,A4,2022-06-02,Fully Paid,Home Renovation,Individual,36.47,1597697.64,2025-05-31
LN-00042,MB-0124,319000.0,307400.0,12,8.11,27694.18,A,A4,2022-08-18,current,Agriculture,Joint,20.2,140488.59,2023-02-15
LN-00043,MB-0312,754000.0,742700.0,24,19.27,36909.1,D,D3,2024-12-28,CURRENT,Wedding,Joint,10.24,595738.33,2025-04-18
LN-00044,MB-0270,368000.0,351900.0,48,12.6,8254.99,B,B1,2023-08-28,FULLY PAID,Debt Consolidation,Joint,20.75,103703.82,2023-10-16
LN-00045,MB-0206,1684000.0,1645100.0,48,10.85,37991.53,B,B3,2021-06-07,CURRENT,Agriculture,Individual,11.49,1305728.41,2022-09-21
LN-00046,MB-0349,1474000.0,1334700.0,48,10.03,30595.22,A,A3,2023-04-14,Charged Off,Vehicle Purchase,Individual,8.03,479303.54,2023-05-20
LN-00047,MB-0267,1182000.0,1142300.0,36,9.17,34640.25,A,A3,2023-05-11,Current,Debt Consolidation,Joint,23.97,913438.89,2024-02-28
LN-00048,MB-0107,2801000.0,2704700.0,60,10.92,50000.89,B,B3,2022-12-01,Fully Paid,Home Renovation,Joint,42.01,2764087.84,2027-10-20
LN-00049,MB-0166,2398000.0,2228100.0,24,9.91,102037.7,A,A2,2023-07-21,Fully Paid,Wedding,Individual,27.46,2364974.43,2025-07-30
LN-00050,MB-0037,581000.0,576500.0,60,18.71,11406.05,D,D4,2022-03-29,Current,Wedding,Individual,9.06,174127.7,2026-05-01
LN-00051,MB-0049,2855000.0,2687900.0,36,9.62,81846.55,A,A1,2023-05-20,FULLY PAID,Education,Individual,21.02,838896.01,2024-09-18
LN-00052,MB-0299,2172000.0,2022000.0,36,14.47,64293.98,C,C5,2021-11-08,Late,Home Renovation,Joint,38.18,942216.09,2023-09-25
LN-00053,MB-0048,2198000.0,2072700.0,48,7.84,46566.66,A,A2,2021-09-08,Current,Business Expansion,Joint,37.63,1125354.05,2021-11-13
LN-00054,MB-0048,2599000.0,2494500.0,60,9.77,45636.88,A,A3,2023-08-22,Fully Paid,Wedding,Joint,10.66,2562981.26,13-08-2028
LN-00055,MB-0100,198000.0,184800.0,48,21.94,4694.69,E,E3,2023-01-16,Fully Paid,Business Expansion,Joint,16.17,192562.3,2027-01-10
LN-00056,MB-0202,167000.0,160000.0,48,12.44,3748.0,B,B1,2024-03-29,CHARGED OFF,Education,Joint,7.67,29575.8,2024-07-29
LN-00057,MB-0246,327000.0,323000.0,12,10.96,29866.73,B,B3,2024-01-14,Fully Paid,Home Renovation,Joint,13.63,356716.94,2024-12-31
LN-00058,MB-0066,1530000.0,1513300.0,12,16.82,147319.76,D,D5,2024-12-07,Current,Education,Individual,4.31,1193617.96,2025-01-21
LN-00059,MB-0057,299000.0,286400.0,24,8.23,12915.45,A,A1,17/11/2023,CURRENT,Wedding,Individual,35.32,177403.2,2024-03-26
LN-00060,MB-0090,298000.0,290800.0,60,19.26,5780.13,D,D3,2023-04-24,CHARGED OFF,Wedding,Individual,2.46,135767.95,2024-04-30
LN-00061,MB-0072,2074000.0,2013600.0,12,10.49,185402.22,A,A2,2023-09-10,Fully Paid,Business Expansion,Individual,36.04,2146052.5,2024-09-24
LN-00062,MB-0211,1769000.0,1734200.0,48,9.52,39568.66,A,A3,2021-10-04,Fully Paid,Home Renovation,Joint,34.06,2100922.64,2025-09-30
LN-00063,MB-0328,932000.0,928400.0,60,15.47,17867.06,C,C5,2021-05-20,Default,Wedding,Individual,29.2,184757.9,2024-01-12
LN-00064,MB-0295,1206000.0,1179900.0,36,18.98,38995.69,D,D1,2021-06-28,Fully Paid,Debt Consolidation,Joint,19.47,1204717.93,2024-06-23
LN-00065,MB-0244,933000.0,853300.0,60,11.14,15805.96,B,B5,2023-08-13,current,Medical Emergency,Individual,17.21,589479.85,2026-03-05
LN-00066,MB-0124,1158000.0,1146000.0,48,8.31,25859.01,A,A1,2023-01-13,Fully Paid,Debt Consolidation,Joint,43.18,1300625.44,2027-01-04
LN-00067,MB-0084,51000.0,46800.0,24,11.86,2181.27,B,B1,2022-05-29,Current,Debt Consolidation,Individual,36.8,39781.32,2023-03-14
LN-00068,MB-0320,2876000.0,2692500.0,48,13.31,63559.83,B,B3,2021-05-03,Late,Home Renovation,Individual,36.77,2188065.61,2022-01-31
LN-00069,MB-0263,2262000.0,2043700.0,36,17.95,66959.56,D,D5,2022-07-10,Fully Paid,Home Renovation,Joint,2.3,2166166.71,2025-07-11
LN-00070,MB-0124,126000.0,120300.0,48,9.45,2743.09,A,A5,2024-10-17,Current,Vehicle Purchase,Joint,36.61,51361.06,2027-08-28
LN-00071,MB-0178,1572000.0,1552700.0,24,17.42,75965.85,D,D2,2024-10-27,FULLY PAID,,Joint,24.38,1155138.82,2025-11-29
LN-00072,MB-0159,632000.0,589100.0,48,17.71,14446.45,D,D4,2023-01-11,Fully Paid,Medical Emergency,Individual,31.31,628519.13,2027-01-09
LN-00073,MB-0327,180000.0,167000.0,60,8.91,3031.33,A,A3,2024-10-05,FULLY PAID,Debt Consolidation,Joint,26.03,117252.51,2027-01-23
LN-00074,MB-0323,2326000.0,2103000.0,60,8.42,38001.21,A,A4,2023-01-07,fully paid,Business Expansion,Joint,27.89,1648920.29,2027-02-02
LN-00075,MB-0331,2335000.0,2193600.0,36,8.7,66234.53,A,A1,2022-11-21,Fully Paid,Debt Consolidation,Joint,23.49,2304859.22,2025-11-06
LN-00076,MB-0035,2020000.0,1934700.0,48,11.14,44796.37,B,B5,23/10/2024,Charged Off,Wedding,Individual,33.34,1062476.2,2027-05-31
LN-00077,MB-0333,437000.0,424100.0,48,12.34,9925.71,B,B3,2021-05-18,Charged Off,Wedding,Individual,13.83,107986.89,2022-06-20
LN-00078,MB-0041,263000.0,258800.0,36,11.16,7991.17,B,B5,2021-10-12,Fully Paid,Home Renovation,Individual,21.68,295991.75,2024-10-05
LN-00079,MB-0323,1616000.0,1491600.0,60,22.88,30547.97,E,E3,2024-03-28,CURRENT,Education,Individual,10.99,1144867.39,2025-10-27
LN-00080,MB-0323,1776000.0,1669500.0,60,10.36,30707.67,A,A1,2024-09-27,Charged Off,Vehicle Purchase,Joint,19.59,226536.09,2027-07-02
LN-00081,MB-0350,1391000.0,1299400.0,24,16.84,63259.12,D,D5,2022-02-02,fully paid,Wedding,Individual,9.12,963273.25,2022-09-26
LN-00082,MB-0152,2764000.0,2687300.0,12,13.69,254599.28,C,C1,2021-01-27,Charged Off,Medical Emergency,Joint,10.84,1111972.4,2021-07-20
LN-00083,MB-0157,2089000.0,1968100.0,12,9.91,180261.56,A,A2,2021-07-29,Fully Paid,Agriculture,Joint,21.57,2455856.83,2022-07-25
LN-00084,MB-0066,1712000.0,1627800.0,24,17.56,79735.07,D,D5,2022-01-31,Current,Debt Consolidation,Joint,30.22,508961.82,23-05-2023
LN-00085,MB-0110,1168000.0,1052300.0,12,14.89,100748.96,C,C5,2024-03-19,CURRENT,Vehicle Purchase,Joint,3.86,670532.5,2024-12-10
LN-00086,MB-0106,2722000.0,2553900.0,12,7.79,229404.07,A,A2,2022-02-14,Fully Paid,Agriculture,Individual,39.74,2939888.41,2023-01-23
LN-00087,MB-0334,2165000.0,2050200.0,48,15.32,49256.06,C,C2,2023-10-17,CURRENT,Wedding,Individual,7.09,417071.97,2027-01-18
LN-00088,MB-0325,766000.0,759000.0,24,15.91,36656.54,C,C1,2021-04-10,Fully Paid,Home Renovation,Joint,3.64,820084.06,2023-03-20
LN-00089,MB-0054,601000.0,589400.0,24,15.35,28328.04,C,C1,2023-11-11,Charged Off,Home Renovation,Individual,15.9,309851.81,2024-09-20
LN-00090,MB-0288,2386000.0,2275600.0,12,15.48,218988.57,C,C5,2023-07-26,FULLY PAID,Wedding,Individual,28.45,753582.89,2024-05-10
LN-00091,MB-0063,2032000.0,2028600.0,60,16.43,39364.98,C,C2,2022-12-23,CURRENT,Wedding,Individual,-5.0,533213.96,2024-08-05
LN-00092,MB-0076,2937000.0,2869100.0,12,10.74,264770.11,B,B5,2024-10-30,Current,Agriculture,Joint,3.87,2429136.79,2025-03-16
LN-00093,MB-0041,2164000.0,1954200.0,24,19.05,96936.46,D,D1,23/04/2021,Fully Paid,Education,Joint,20.52,2347322.51,2023-04-15
LN-00094,MB-0084,2299000.0,2261500.0,36,11.32,69930.61,B,B4,2023-04-25,Current,Vehicle Purchase,Joint,12.74,455040.06,2025-07-22
LN-00095,MB-0041,154000.0,151700.0,48,12.38,3551.68,B,B1,2024-01-06,Fully Paid,Home Renovation,Individual,17.79,187459.82,2027-12-22
LN-00096,MB-0324,693000.0,676000.0,12,9.64,61763.87,A,A2,2021-08-31,Default,Education,Joint,20.55,322158.86,2021-12-02
LN-00097,MB-0047,1941000.0,1866900.0,60,13.93,35449.32,C,C2,2021-05-20,current,Business Expansion,Individual,4.98,469365.32,2021-11-18
LN-00098,MB-0253,2078000.0,1927000.0,48,14.03,45778.29,C,C5,13/09/2022,Fully Paid,Business Expansion,Joint,6.3,2117271.22,2026-08-16
LN-00099,MB-0116,2418000.0,2338400.0,36,9.37,71041.89,A,A2,2021-05-29,Late,Medical Emergency,Joint,38.36,763313.07,2021-11-22
LN-00100,MB-0030,1730000.0,1595600.0,12,11.39,148111.57,B,B1,2021-09-24,Late,Education,Individual,13.54,731684.82,2022-03-01
LN-00101,MB-0340,2732000.0,2504100.0,48,10.3,57542.13,A,A2,2024-08-21,Fully Paid,Vehicle Purchase,Individual,3.29,2923606.4,10-08-2028
LN-00102,MB-0051,743000.0,670900.0,48,14.96,16068.06,C,C3,2024-02-12,CURRENT,Business Expansion,Joint,6.72,359377.24,2025-03-03
LN-00103,MB-0032,835000.0,788600.0,24,10.31,36246.03,A,A1,2021-05-27,Current,Debt Consolidation,Individual,25.86,190786.71,2022-09-11
LN-00104,MB-0088,677000.0,614900.0,36,11.91,19114.85,B,B3,2021-09-27,Fully Paid,Wedding,Joint,42.69,720954.81,2024-09-14
LN-00105,MB-0244,1553000.0,1495200.0,60,13.21,28211.93,B,B2,2024-11-07,Current,Agriculture,Individual,29.67,980545.22,2025-09-30
LN-00106,MB-0165,1987000.0,1917600.0,24,13.55,90726.45,C,C3,2021-06-17,Fully Paid,Education,Individual,21.71,2090226.29,2023-06-07
LN-00107,MB-0206,87000.0,86600.0,24,7.7,3886.17,A,A2,2023-10-05,Current,Wedding,Joint,18.07,29559.67,2025-02-13
LN-00108,MB-0165,1062000.0,1026800.0,12,9.21,93447.36,A,A2,2022-05-04,CHARGED OFF,Medical Emergency,Joint,35.11,346578.43,2022-10-21
LN-00109,MB-0124,2883000.0,2637700.0,24,13.5,124741.23,B,B3,2022-10-20,LATE,Wedding,Joint,7.82,836813.2,2024-02-25
LN-00110,MB-0292,2873000.0,2663000.0,48,13.78,63124.2,C,C2,2021-08-02,default,Education,Individual,20.73,1315683.7,2024-08-20
LN-00111,MB-0340,1770000.0,1672000.0,48,15.47,40222.05,C,C5,2023-01-27,Late,Business Expansion,Joint,27.21,1001896.72,2024-03-03
LN-00112,MB-0330,2871000.0,2657800.0,12,9.6,242745.73,A,A3,2024-10-29,Current,Home Renovation,Joint,4.45,1415923.22,2025-02-28
LN-00113,MB-0120,2876000.0,2648000.0,48,21.7,67137.83,E,E1,2022-04-22,Fully Paid,Agriculture,Joint,7.76,2778651.55,2026-03-26
LN-00114,MB-0058,2659000.0,2556900.0,12,8.91,232059.98,A,A2,2022-11-12,Current,Debt Consolidation,Joint,21.53,825349.82,2023-08-15
LN-00115,MB-0083,2889000.0,2821600.0,60,12.43,52872.08,B,B1,2024-12-14,Current,Medical Emergency,Joint,29.29,887069.84,2025-05-25
LN-00116,MB-0302,1807000.0,1700800.0,60,8.32,30705.11,A,A1,2021-01-10,CHARGED OFF,Wedding,Individual,5.01,317697.93,2022-02-01
LN-00117,MB-0122,293000.0,266300.0,24,7.95,11977.95,A,A1,2023-12-06,Fully Paid,Medical Emergency,Joint,16.42,274993.49,2025-11-10
LN-00118,MB-0033,439000.0,433200.0,36,14.53,13781.78,C,C3,21/01/2022,Current,Education,Joint,23.15,203458.41,2024-02-24
LN-00119,MB-0037,244000.0,223300.0,48,18.91,5531.79,D,D1,2022-04-19,Current,Debt Consolidation,Individual,36.02,46715.21,2023-08-03
LN-00120,MB-0124,1299000.0,1238400.0,12,13.59,117224.88,C,C5,2022-03-29,Current,Agriculture,Individual,33.15,1029453.25,2022-08-10
LN-00121,MB-0134,718000.0,701600.0,36,8.69,21182.47,A,A1,2022-09-20,fully paid,Home Renovation,Joint,24.49,392628.76,2023-03-23
LN-00122,MB-0126,996000.0,974600.0,60,13.11,18372.83,B,B2,2023-09-03,Current,Business Expansion,Joint,31.49,493255.79,2024-02-16
LN-00123,MB-0114,2817000.0,2653200.0,36,12.1,82617.7,B,B4,2022-10-07,Current,Medical Emergency,Individual,35.53,600058.65,2024-05-29
LN-00124,MB-0318,2565000.0,2477900.0,36,8.81,74894.53,A,A1,2023-03-18,Current,Home Renovation,Joint,5.69,2073682.05,2025-03-03
LN-00125,MB-0037,1831000.0,1722300.0,24,11.02,79670.73,B,B5,2023-05-23,Current,Agriculture,Individual,34.89,454997.49,2024-07-21
LN-00126,MB-0310,1210000.0,1113400.0,24,18.75,55090.1,D,D4,2023-10-03,Fully Paid,Wedding,Individual,41.37,1201009.18,2025-10-02
LN-00127,MB-0316,2202000.0,2168700.0,24,12.48,101639.74,B,B2,2021-01-01,charged off,Medical Emergency,Individual,4.42,1192133.12,2021-07-17
LN-00128,MB-0137,1155000.0,1080300.0,48,21.35,27311.33,E,E3,2021-01-26,Late,Wedding,Individual,42.54,965193.36,2022-02-11
LN-00129,MB-0130,1173000.0,1154200.0,24,11.22,53487.55,B,B3,2024-10-05,Charged Off,Vehicle Purchase,Individual,32.67,610096.08,2025-11-20
LN-00130,MB-0025,2939000.0,2923200.0,48,15.85,70552.65,C,C5,2022-03-15,current,Business Expansion,Joint,35.64,2398868.79,2022-06-05
LN-00131,MB-0035,635000.0,600800.0,48,11.43,13947.32,B,B1,2023-02-14,Fully Paid,Agriculture,Joint,22.5,737135.25,2027-01-23
LN-00132,MB-0055,252000.0,238000.0,12,16.14,23034.43,C,C5,2022-03-02,Fully Paid,Business Expansion,Individual,30.62,268024.24,2023-03-13
LN-00133,MB-0220,1595000.0,1566400.0,36,20.8,52561.42,E,E2,2024-05-21,Charged Off,Debt Consolidation,Individual,36.14,454719.42,2024-09-06
LN-00134,MB-0155,2210000.0,2030300.0,60,22.76,41539.94,E,E5,2021-10-21,Current,Education,Individual,2.47,430998.96,2025-07-11
LN-00135,MB-0292,662000.0,597400.0,60,13.05,11256.01,B,B1,2024-12-30,Default,Wedding,Individual,32.72,105503.1,2027-07-15
LN-00136,MB-0309,864000.0,813900.0,60,15.39,15652.65,C,C5,2021-01-12,Charged Off,Wedding,Joint,4.33,175836.7,2022-02-05
LN-00137,MB-0104,2260000.0,2194900.0,24,21.32,110952.2,E,E1,2023-11-13,Fully Paid,Business Expansion,Individual,38.05,2691972.79,2025-11-17
LN-00138,MB-0236,2993000.0,2794300.0,24,10.49,128642.59,A,A2,2023-04-20,Fully Paid,Wedding,Joint,11.79,2904804.23,2025-04-01
LN-00139,MB-0152,2528000.0,2469500.0,60,8.96,44846.12,A,A4,2023-08-24,Current,Education,Individual,42.63,620590.63,2027-08-29
LN-00140,MB-0052,1040000.0,1009300.0,48,12.44,23642.85,B,B4,2024-03-18,CURRENT,Agriculture,Joint,22.01,561406.51,2026-07-18
LN-00141,MB-0081,2850000.0,2606400.0,36,12.53,81471.72,B,B1,2022-10-31,Current,Education,Joint,19.15,1708824.25,2023-09-18
LN-00142,MB-0014,1350000.0,1252100.0,60,16.19,24246.92,C,C4,2023-12-26,Charged Off,Business Expansion,Joint,17.04,284570.32,2027-03-27
LN-00143,MB-0190,1120000.0,1110300.0,60,16.54,21565.73,D,D1,2022-08-13,Charged Off,Home Renovation,Individual,40.32,218256.04,2023-01-11
LN-00144,MB-0160,1338000.0,1220500.0,12,10.34,112224.97,A,A1,2021-07-03,Charged Off,Home Renovation,Joint,25.69,646015.18,2021-11-08
LN-00145,MB-0092,162000.0,146700.0,12,13.62,13890.05,C,C3,2024-11-23,Current,Education,Individual,16.1,91904.76,2025-04-03
LN-00146,MB-0223,797000.0,735800.0,12,13.48,69582.15,B,B4,2021-12-25,Fully Paid,Home Renovation,Joint,32.35,840245.97,2022-12-02
LN-00147,MB-0295,2650000.0,2544300.0,36,9.48,77374.99,A,A4,2021-10-30,Charged Off,Education,Joint,23.99,477114.44,2022-12-26
LN-00148,MB-0257,2819000.0,2775200.0,36,17.74,90764.46,D,D5,2024-03-13,Fully Paid,Agriculture,Individual,30.78,3032625.94,2027-03-02
LN-00149,MB-0109,2473000.0,2470700.0,36,14.45,78547.67,C,C5,2022-06-22,Charged Off,Agriculture,Joint,34.57,1307566.1,2022-10-14
LN-00150,MB-0024,1741000.0,1724800.0,60,9.02,31339.62,A,A1,2021-01-09,Fully Paid,Medical Emergency,Individual,32.32,1999757.0,2025-12-21
LN-00151,MB-0132,1964000.0,1786800.0,48,10.0,40947.5,A,A4,2021-05-14,Current,Debt Consolidation,Joint,14.87,927976.83,2023-03-25
LN-00152,MB-0243,2260000.0,2066700.0,36,20.66,69268.89,E,E1,13/01/2024,Current,Debt Consolidation,Individual,44.5,789064.36,2025-07-14
LN-00153,MB-0045,685000.0,657700.0,12,9.69,60119.26,A,A1,2024-05-31,Fully Paid,Business Expansion,Individual,16.76,797670.39,2025-05-22
LN-00154,MB-0115,788000.0,781100.0,24,10.98,36119.37,B,B2,2022-09-11,Default,Agriculture,Individual,44.86,116514.65,2023-06-08
LN-00155,MB-0197,1469000.0,1400000.0,24,10.27,64324.17,A,A4,2024-11-01,Fully Paid,Education,Joint,8.9,1579200.71,2026-10-19
LN-00156,MB-0255,1019000.0,952000.0,12,14.6,90916.0,C,C5,2021-10-15,Current,Education,Joint,43.27,703829.9,2022-04-25
LN-00157,MB-0146,1711000.0,1702100.0,36,11.94,52925.85,B,B3,2022-02-10,Current,Vehicle Purchase,Individual,41.97,1061037.98,2023-01-13
LN-00158,MB-0301,668000.0,605900.0,60,9.02,11009.2,A,A1,2022-05-01,Current,Wedding,Individual,7.08,234238.81,2024-10-20
LN-00159,MB-0292,1276000.0,1263600.0,60,15.1,24240.06,C,C5,2024-03-19,Fully Paid,Business Expansion,Individual,9.77,1559758.25,2029-02-18
LN-00160,MB-0166,1245000.0,1207300.0,12,15.29,115991.35,C,C4,2023-05-20,Fully Paid,Education,Joint,32.0,1332584.21,2024-04-25
LN-00161,MB-0219,525000.0,510600.0,60,13.9,9692.89,C,C4,2023-01-28,Fully Paid,Education,Individual,41.52,589928.14,2027-12-20
LN-00162,MB-0295,1267000.0,1209200.0,12,9.68,110520.88,A,A4,2021-10-15,Fully Paid,Vehicle Purchase,Individual,12.16,1448534.49,2022-10-20
LN-00163,MB-0244,2928000.0,2925800.0,12,14.86,280047.82,C,C2,2021-03-19,current,Business Expansion,Joint,23.63,2130397.38,2021-10-08
LN-00164,MB-0158,771000.0,705800.0,36,8.8,21330.84,A,A4,2021-08-06,Current,Home Renovation,Joint,42.06,201643.97,2024-01-20
LN-00165,MB-0321,1545000.0,1442300.0,12,15.06,138292.53,C,C3,2022-01-27,Current,Debt Consolidation,Joint,34.17,956042.9,2022-04-13
LN-00166,MB-0115,635000.0,577100.0,36,16.48,18672.39,C,C1,2022-06-30,current,Debt Consolidation,Joint,16.4,143336.78,2022-10-24
LN-00167,MB-0135,1178000.0,1140400.0,36,17.08,37088.34,D,D1,2023-10-13,current,Agriculture,Individual,30.8,340875.8,2025-03-21
LN-00168,MB-0013,2956000.0,2873100.0,12,13.84,272561.42,C,C5,2021-04-21,Fully Paid,Education,Joint,15.85,3199280.69,2022-04-13
LN-00169,MB-0092,1655000.0,1560800.0,24,9.41,71152.97,A,A1,2022-06-18,Current,Wedding,Individual,8.68,479326.53,2023-07-15
LN-00170,MB-0303,2602000.0,2494900.0,60,12.1,46613.05,B,B5,2022-02-23,Current,Wedding,Joint,15.38,1650796.76,2022-12-13
LN-00171,MB-0341,1619000.0,1501800.0,48,15.84,36243.44,C,C1,2022-05-25,Current,Medical Emergency,Joint,24.25,722995.46,2022-08-28
LN-00172,MB-0350,2593000.0,2517600.0,48,8.58,56950.21,A,A4,2024-09-01,Fully Paid,Medical Emergency,Joint,34.45,2969521.79,2028-08-08
LN-00173,MB-0210,1598000.0,1545300.0,36,9.91,47178.87,A,A5,2022-11-22,Current,Education,Joint,11.86,419497.4,2023-07-11
LN-00174,MB-0068,2610000.0,2463600.0,48,16.97,60034.85,D,D4,2024-08-06,Fully Paid,Wedding,Joint,8.62,2533667.72,2028-07-07
LN-00175,MB-0099,1552000.0,1414100.0,36,8.82,42745.1,A,A3,2024-05-04,Default,Education,Joint,19.09,694380.38,2025-06-18
LN-00176,MB-0065,2164000.0,1992400.0,60,15.52,38360.34,C,C5,2022-08-25,Fully Paid,Wedding,Individual,28.27,2248217.49,2027-08-15
LN-00177,MB-0293,316000.0,298900.0,24,11.14,13841.56,B,B5,2023-05-03,LATE,Wedding,Individual,15.39,129229.89,2024-07-15
LN-00178,MB-0125,1163000.0,1051100.0,60,12.93,19783.45,B,B2,2023-09-09,CURRENT,Debt Consolidation,Joint,13.57,377850.78,2027-04-10
LN-00179,MB-0241,521000.0,518700.0,36,12.78,16249.72,B,B4,2021-07-06,Fully Paid,Business Expansion,Individual,34.16,637040.74,2024-06-11
LN-00180,MB-0260,1573000.0,1570100.0,24,10.8,72486.28,B,B3,2021-08-22,Fully Paid,Debt Consolidation,Joint,24.7,1907698.22,2023-08-30
LN-00181,MB-0146,2868000.0,2687100.0,12,14.6,256618.05,C,C5,2024-08-07,Fully Paid,Vehicle Purchase,Individual,44.32,2998815.33,05-08-2025
LN-00182,MB-0340,1367000.0,1285800.0,24,8.02,57871.72,A,A5,2021-12-04,Charged Off,Home Renovation,Joint,32.29,269832.1,2022-06-16
LN-00183,MB-0255,1648000.0,1494300.0,24,12.58,70095.12,B,B2,2024-08-13,Current,Vehicle Purchase,Joint,13.12,874845.13,2025-01-27
LN-00184,MB-0057,938000.0,863100.0,60,9.86,15803.36,A,A3,2022-04-01,Current,Education,Joint,42.43,470830.58,2025-05-31
LN-00185,MB-0335,1855000.0,1675700.0,60,22.68,34262.48,E,E1,2021-05-24,Fully Paid,Home Renovation,Individual,13.51,1878805.47,2026-05-07
LN-00186,MB-0104,1830000.0,1671100.0,36,10.7,51386.32,B,B3,2024-07-02,CURRENT,Medical Emergency,Joint,5.1,685975.73,2026-08-23
LN-00187,MB-0226,1682000.0,1514700.0,12,15.7,146042.33,C,C3,2021-07-07,Late,Education,Joint,11.79,1044419.06,2022-03-31
LN-00188,MB-0101,879000.0,856600.0,60,21.24,17309.03,E,E2,2023-03-23,FULLY PAID,Agriculture,Joint,31.89,448043.19,03-04-2025
LN-00189,MB-0183,1075000.0,1046200.0,48,10.97,24186.84,B,B2,2023-05-21,Late,Wedding,Individual,34.87,467971.54,2023-12-30
LN-00190,MB-0063,1800000.0,1771500.0,36,11.81,55019.84,B,B4,2022-09-12,Fully Paid,Education,Individual,2.08,1925927.89,2025-08-13
LN-00191,MB-0240,608000.0,553300.0,48,11.02,12797.37,B,B4,2022-10-13,Fully Paid,Education,Individual,40.57,587649.27,2026-10-08
LN-00192,MB-0301,1955000.0,1854500.0,12,10.55,170845.81,B,B4,2022-02-13,Fully Paid,Business Expansion,Joint,41.99,1984413.07,2023-02-07
LN-00193,MB-0294,1146000.0,1086400.0,12,10.44,99985.01,A,A3,2022-09-21,Fully Paid,Business Expansion,Individual,8.78,1317750.36,2023-08-30
LN-00194,MB-0131,826000.0,758500.0,12,8.4,68517.83,A,A1,2023-01-31,Fully Paid,Wedding,Individual,21.84,793635.25,2024-01-12
LN-00195,MB-0012,1085000.0,1010500.0,48,21.74,25628.81,E,E2,2023-03-15,Fully Paid,Agriculture,Joint,42.04,1166643.92,2027-03-07
LN-00196,MB-0092,673000.0,609000.0,24,17.88,29912.05,D,D4,2022-05-17,Default,Vehicle Purchase,Joint,26.72,358776.67,2022-06-22
LN-00197,MB-0081,2463000.0,2432100.0,48,18.64,60113.4,D,D4,2022-02-23,fully paid,Medical Emergency,Individual,33.32,1136667.63,2024-01-19
LN-00198,MB-0035,896000.0,877200.0,36,9.89,26776.53,A,A1,2021-11-29,fully paid,Medical Emergency,Individual,31.6,653931.29,2023-01-10
LN-00199,MB-0326,2691000.0,2453600.0,48,11.4,56943.97,B,B4,2023-02-24,Fully Paid,Wedding,Joint,43.59,2773677.21,2027-02-07
LN-00200,MB-0143,174000.0,164400.0,24,16.96,8011.76,D,D5,2024-06-02,Fully Paid,Debt Consolidation,Individual,18.76,203174.34,18-05-2026
LN-00201,MB-0042,2007000.0,1964800.0,60,8.82,35634.92,A,A4,2021-07-29,Late,Home Renovation,Joint,34.8,893729.26,23-04-2024
LN-00202,MB-0258,2455000.0,2345200.0,60,9.05,42624.01,A,A1,2023-05-04,Fully Paid,Home Renovation,Individual,7.89,2685068.29,2028-04-13
LN-00203,MB-0058,1738000.0,1601500.0,36,9.53,48725.64,A,A1,2024-03-22,Fully Paid,Medical Emergency,Joint,14.44,1868700.17,2027-03-19
LN-00204,MB-0254,389000.0,369900.0,60,11.37,6865.96,B,B3,2022-05-22,Fully Paid,Wedding,Joint,15.25,457548.77,2027-04-22
LN-00205,MB-0105,1961000.0,1923700.0,60,7.55,34482.32,A,A5,2024-12-11,Fully Paid,Wedding,Joint,13.07,2166831.34,2029-11-01
LN-00206,MB-0095,2078000.0,1879200.0,24,13.37,88768.71,B,B5,2024-11-04,Fully Paid,Medical Emergency,Joint,18.86,2201353.37,2026-10-30
LN-00207,MB-0073,2978000.0,2818900.0,12,21.22,284755.88,E,E3,2024-02-18,Late,Medical Emergency,Joint,33.94,1501669.19,2024-08-25
LN-00208,MB-0095,552000.0,505400.0,60,18.09,9947.11,D,D2,2021-07-29,Current,Vehicle Purchase,Joint,22.57,208141.81,2023-02-26
LN-00209,MB-0223,87000.0,85800.0,48,9.86,1963.75,A,A4,2022-04-13,Fully Paid,Agriculture,Joint,6.04,99001.21,2026-04-04
LN-00210,MB-0110,1743000.0,1574300.0,12,22.79,161090.25,E,E3,2024-07-11,Current,Education,Joint,27.41,484990.02,2025-04-03
LN-00211,MB-0098,2369000.0,2289300.0,36,9.3,69505.69,A,A5,2022-08-17,Current,Vehicle Purchase,Individual,41.64,518989.55,2023-06-03
LN-00212,MB-0331,2815000.0,2752500.0,48,8.85,62418.67,A,A3,2024-03-06,Fully Paid,Business Expansion,Individual,22.08,3277863.18,2028-02-02
LN-00213,MB-0342,2990000.0,2824200.0,12,12.4,264533.4,B,B3,2021-04-29,FULLY PAID,Agriculture,Individual,9.46,600093.05,2022-01-30
LN-00214,MB-0045,2350000.0,2252800.0,24,11.52,104680.11,B,B2,2023-05-02,Fully Paid,Vehicle Purchase,Individual,29.11,2612273.87,2025-04-28
LN-00215,MB-0007,2567000.0,2530700.0,48,9.59,57779.04,A,A1,2021-07-22,current,Debt Consolidation,Joint,43.54,1231328.12,2022-01-02
LN-00216,MB-0054,1993000.0,1893000.0,48,12.9,44524.94,B,B4,2021-08-26,Current,Medical Emergency,Individual,27.72,1181141.86,2024-02-04
LN-00217,MB-0002,1087000.0,1029200.0,12,17.39,100681.49,D,D2,2024-06-16,Fully Paid,Debt Consolidation,Individual,34.73,1151679.12,2025-06-26
LN-00218,MB-0075,947000.0,937800.0,12,15.61,90349.21,C,C4,2021-01-29,Fully Paid,Wedding,Individual,42.72,1152915.24,2022-01-14
LN-00219,MB-0196,2939000.0,2871300.0,60,18.26,56593.32,D,D5,2021-07-26,Fully Paid,Vehicle Purchase,Individual,43.04,3459296.12,2026-06-21
LN-00220,MB-0148,1607000.0,1574200.0,12,23.31,161762.17,E,E1,2021-01-02,Fully Paid,Business Expansion,Joint,9.02,1724989.5,2021-12-17
LN-00221,MB-0278,2641000.0,2602200.0,48,15.02,62355.22,C,C5,2021-09-05,Fully Paid,Wedding,Individual,8.16,2686709.67,2025-08-11
LN-00222,MB-0225,2935000.0,2679500.0,24,14.44,127767.49,C,C3,2024-11-02,Fully Paid,Medical Emergency,Individual,31.39,2816498.49,2026-10-26
LN-00223,MB-0011,645000.0,600300.0,12,14.42,57238.61,C,C1,2022-08-01,Late,Education,Joint,6.22,164818.12,2023-02-25
LN-00224,MB-0107,319000.0,308400.0,12,7.88,27725.16,A,A1,2021-04-18,Late,Home Renovation,Joint,21.51,135220.04,2021-09-18
LN-00225,MB-0178,1118000.0,1101300.0,48,13.7,26087.04,C,C5,2022-08-21,Current,Medical Emergency,Individual,20.0,886340.95,2025-05-31
LN-00226,MB-0046,235000.0,221900.0,48,21.27,5606.21,E,E4,2021-07-31,Fully Paid,Debt Consolidation,Individual,13.12,276897.35,2025-07-20
LN-00227,MB-0176,1693000.0,1646200.0,12,13.27,155387.56,B,B1,2022-09-23,Fully Paid,Agriculture,Joint,30.38,2024513.81,2023-10-05
LN-00228,MB-0072,1939000.0,1914300.0,48,9.63,43721.81,A,A3,2022-07-17,Charged Off,Wedding,Joint,36.32,911694.85,2023-12-08
LN-00229,MB-0350,1929000.0,1927500.0,36,14.63,61374.81,C,C1,2024-03-26,Current,Debt Consolidation,Joint,19.83,910556.46,2024-12-12
LN-00230,MB-0299,2000000.0,1914100.0,24,14.22,91095.21,C,C4,2023-11-05,Current,Vehicle Purchase,Joint,28.95,1362707.06,2024-01-12
LN-00231,MB-0106,216000.0,200800.0,12,16.17,19439.11,C,C2,2022-09-04,Fully Paid,Home Renovation,Individual,12.16,212796.99,2023-08-23
LN-00232,MB-0271,1116000.0,1020200.0,36,18.46,33570.25,D,D3,2021-03-31,Fully Paid,Debt Consolidation,Joint,11.65,1127737.74,2024-03-09
LN-00233,MB-0082,2840000.0,2811900.0,24,18.29,138591.52,D,D4,2023-03-16,CHARGED OFF,Medical Emergency,Joint,30.12,1226238.66,2024-01-12
LN-00234,MB-0285,1877000.0,1749200.0,12,11.83,163010.86,B,B2,2024-07-19,Current,Wedding,Joint,39.35,605061.91,2025-02-13
LN-00235,MB-0183,295000.0,291000.0,60,19.13,5777.8,D,D4,2024-01-22,Current,Agriculture,Individual,3.28,146867.14,2027-10-11
LN-00236,MB-0251,2325000.0,2143200.0,48,22.83,54843.6,E,E4,2022-08-22,Current,Agriculture,Individual,31.89,856303.44,2025-06-24
LN-00237,MB-0102,1062000.0,966000.0,36,23.25,33072.08,E,E4,2021-10-28,Fully Paid,Education,Individual,10.31,1052728.21,2024-10-24
LN-00238,MB-0233,2306000.0,2231900.0,60,21.53,45207.13,E,E3,2021-01-27,Fully Paid,Debt Consolidation,Joint,30.31,2737611.69,2025-12-13
LN-00239,MB-0145,455000.0,426100.0,36,8.53,12845.73,A,A3,2023-05-25,Fully Paid,Medical Emergency,Joint,23.85,486165.25,2026-04-21
LN-00240,MB-0135,1522000.0,1508600.0,24,13.16,71130.49,B,B4,2021-07-21,Fully Paid,Wedding,Individual,28.16,1584136.7,2023-07-22
LN-00241,MB-0341,1304000.0,1301700.0,24,7.64,58381.25,A,A2,2021-06-25,Fully Paid,Education,Individual,16.78,1482486.97,2023-06-04
LN-00242,MB-0112,1437000.0,1427300.0,36,15.86,45935.27,C,C3,2022-12-06,Fully Paid,Wedding,Individual,10.91,1682083.52,2025-11-29
LN-00243,MB-0308,2877000.0,2618700.0,60,15.67,50484.17,C,C3,2024-11-03,Fully Paid,Medical Emergency,Joint,15.65,3156261.65,2029-10-17
LN-00244,MB-0155,603000.0,553400.0,24,19.08,27457.86,D,D1,2023-05-21,fully paid,Business Expansion,Individual,31.12,345404.25,2023-07-06
LN-00245,MB-0305,862000.0,778300.0,60,14.31,14827.91,C,C3,2021-10-07,Current,Wedding,Individual,3.77,170856.83,2025-05-31
LN-00246,MB-0068,2842000.0,2558700.0,48,12.59,60017.51,B,B3,2021-08-02,Current,Home Renovation,Joint,23.76,1757271.74,2024-06-06
LN-00247,MB-0263,1536000.0,1525400.0,36,11.3,47160.28,B,B2,2023-07-31,late,Education,Individual,12.29,451896.24,2023-12-02
LN-00248,MB-0064,152000.0,150800.0,48,10.11,3459.29,A,A2,2022-03-09,Charged Off,Wedding,Individual,30.22,56915.21,2023-12-08
LN-00249,MB-0022,2423000.0,2417700.0,12,12.7,227062.32,B,B2,2021-08-29,Current,Education,Individual,20.96,1593746.35,2021-10-01
LN-00250,MB-0294,1306000.0,1230400.0,48,8.22,27740.39,A,A3,2023-11-26,Fully Paid,Business Expansion,Joint,24.33,1259799.0,2027-10-23
LN-00251,MB-0304,756000.0,681600.0,12,10.32,62661.76,A,A1,2023-08-11,Current,Wedding,Individual,14.29,350218.59,2024-05-07
LN-00252,MB-0096,387000.0,371300.0,48,16.24,8991.65,C,C3,2023-05-20,CURRENT,Agriculture,Joint,43.63,279118.47,2024-03-11
LN-00253,MB-0216,2790000.0,2714700.0,12,12.26,253960.19,B,B5,2022-03-22,Current,Education,Joint,20.9,2380207.21,2022-05-24
LN-00254,MB-0057,567000.0,538700.0,12,8.84,48860.09,A,A5,2022-02-25,Fully Paid,Medical Emergency,Joint,15.85,662491.79,2023-02-17
LN-00255,MB-0151,677000.0,650500.0,60,8.08,11717.67,A,A4,2022-03-14,Current,Medical Emergency,Joint,7.66,518453.92,2024-07-02
LN-00256,MB-0025,570000.0,565200.0,36,12.55,17670.35,B,B3,2022-07-11,Charged Off,Agriculture,Individual,18.4,95344.44,2024-05-30
LN-00257,MB-0279,600000.0,597700.0,12,8.13,53857.75,A,A4,2024-02-01,Current,Medical Emergency,Joint,37.38,402853.58,2024-03-29
LN-00258,MB-0335,181000.0,165900.0,36,16.1,5350.27,C,C5,2024-07-12,Current,Vehicle Purchase,Joint,5.36,38519.54,2025-06-19
LN-00259,MB-0061,2358000.0,2252600.0,12,12.74,211631.77,B,B3,2024-05-24,Current,Medical Emergency,Individual,42.93,819645.38,2024-07-15
LN-00260,MB-0295,1052000.0,975100.0,24,10.1,44732.71,A,A4,2023-11-24,Current,Business Expansion,Individual,43.31,215960.4,2025-01-03
LN-00261,MB-0284,2687000.0,2544100.0,12,21.62,257844.54,E,E4,2024-08-24,Fully Paid,Education,Individual,5.7,2773081.11,2025-08-05
LN-00262,MB-0210,1994000.0,1858200.0,24,14.85,88922.61,C,C5,2022-01-05,Fully Paid,Wedding,Joint,21.15,2053422.15,2023-12-11
LN-00263,MB-0234,2308000.0,2200900.0,60,19.1,43687.86,D,D1,2024-06-02,Fully Paid,Debt Consolidation,Individual,26.4,2517365.13,2029-04-23
LN-00264,MB-0216,986000.0,901700.0,36,15.58,28949.58,C,C3,2022-12-05,Current,Home Renovation,Joint,17.98,372276.14,2024-12-30
LN-00265,MB-0029,1241000.0,1223800.0,60,12.17,22878.94,B,B5,2022-07-15,FULLY PAID,Medical Emergency,Individual,17.59,839106.01,20-04-2026
LN-00266,MB-0271,583000.0,578000.0,60,7.77,10381.84,A,A5,2021-07-30,Current,Home Renovation,Individual,41.55,136519.34,2021-09-19
LN-00267,MB-0079,511000.0,486900.0,60,11.69,9063.64,B,B2,2022-07-24,Fully Paid,Vehicle Purchase,Joint,22.59,559234.5,09-07-2027
LN-00268,MB-0224,1379000.0,1318700.0,60,17.49,25822.34,D,D5,2024-12-28,Late,Education,Individual,30.0,575421.53,2029-01-28
LN-00269,MB-0291,184000.0,167900.0,12,20.77,16897.74,E,E4,2022-04-22,fully paid,Agriculture,Joint,19.21,95907.38,2022-11-15
LN-00270,MB-0112,1269000.0,1206800.0,24,18.13,59399.7,D,D1,2024-09-26,Charged Off,Wedding,Joint,41.54,134798.51,15-03-2025
LN-00271,MB-0215,1199000.0,1166300.0,60,12.57,21881.73,B,B5,2023-08-23,Current,Business Expansion,Joint,32.71,1006636.97,2025-07-13
LN-00272,MB-0015,2610000.0,2409300.0,36,18.71,79446.67,D,D4,2021-08-16,Fully Paid,Debt Consolidation,Individual,44.34,2981615.53,2024-08-01
LN-00273,MB-0157,1789000.0,1757800.0,12,8.89,159505.7,A,A1,2022-10-05,Default,Vehicle Purchase,Individual,44.27,1053580.65,2023-03-20
LN-00274,MB-0274,828000.0,791600.0,36,7.72,23686.43,A,A5,2024-12-24,Late,Home Renovation,Joint,25.9,389046.45,2025-11-21
LN-00275,MB-0298,2140000.0,2065600.0,12,9.28,188107.31,A,A5,2023-12-27,Current,Business Expansion,Joint,16.55,1062850.33,2024-05-25
LN-00276,MB-0273,1053000.0,1034000.0,48,18.51,25529.03,D,D5,2023-04-18,Current,Business Expansion,Individual,38.25,599514.87,2023-09-12
LN-00277,MB-0225,1264000.0,1212400.0,48,11.08,28056.96,B,B4,2024-12-31,Current,Education,Individual,31.34,1078007.95,2025-03-26
LN-00278,MB-0010,750000.0,719100.0,48,8.13,16199.23,A,A3,2024-11-23,fully paid,Business Expansion,Joint,5.23,362720.16,2027-08-23
LN-00279,MB-0242,1172000.0,1107300.0,60,13.8,21001.79,C,C3,2023-07-17,current,Wedding,Joint,28.97,882531.26,2024-02-03
LN-00280,MB-0242,2073000.0,1992000.0,48,21.99,50625.85,E,E4,2022-08-13,Current,Education,Joint,41.98,917760.48,2024-01-09
LN-00281,MB-0201,1338000.0,1291500.0,24,11.11,59791.07,B,B4,2022-11-10,Fully Paid,Agriculture,Joint,16.86,1317778.6,2024-10-14
LN-00282,MB-0097,2822000.0,2575500.0,36,8.74,77794.41,A,A5,2023-01-03,Current,Wedding,Individual,43.28,2212408.84,2023-12-27
LN-00283,MB-0030,91000.0,88300.0,12,7.57,7915.36,A,A3,2023-12-10,Charged Off,Home Renovation,Joint,43.34,15079.11,2024-01-18
LN-00284,MB-0323,838000.0,831400.0,60,11.9,15505.61,B,B5,2022-12-16,fully paid,Agriculture,Individual,14.36,471391.29,2023-08-31
LN-00285,MB-0047,843000.0,791500.0,60,15.99,15301.01,C,C1,2022-04-26,Fully Paid,Home Renovation,Joint,24.19,933687.01,2027-04-16
LN-00286,MB-0325,292000.0,284700.0,24,17.02,13881.5,D,D1,2023-03-13,DEFAULT,Debt Consolidation,Individual,44.91,156658.08,2024-09-01
LN-00287,MB-0004,2943000.0,2709300.0,48,15.61,65254.62,C,C3,2022-09-26,Fully Paid,Wedding,Joint,40.17,3344311.53,2026-09-09
LN-00288,MB-0160,194000.0,188500.0,60,10.6,3474.68,B,B4,2021-09-14,Charged Off,Debt Consolidation,Joint,3.58,41383.93,2023-09-21
LN-00289,MB-0324,1374000.0,1368800.0,48,10.68,31562.25,B,B2,2024-01-12,Fully Paid,Vehicle Purchase,Individual,15.0,1627195.08,2028-01-05
LN-00290,MB-0058,2544000.0,2330600.0,24,20.52,117034.96,E,E2,2023-02-22,Charged Off,Wedding,Joint,13.13,390188.39,2023-08-05
LN-00291,MB-0010,2228000.0,2115000.0,12,12.45,198193.12,B,B3,2023-08-25,Current,Education,Individual,5.45,1819056.7,2024-05-13
LN-00292,MB-0164,2037000.0,1961300.0,60,9.93,35934.28,A,A5,2024-09-09,Fully Paid,Medical Emergency,Individual,24.81,2400389.17,2029-08-01
LN-00293,MB-0103,871000.0,801100.0,48,12.22,18729.05,B,B4,2022-04-24,Fully Paid,Education,Individual,30.95,842181.14,2026-03-31
LN-00294,MB-0073,1506000.0,1498900.0,24,11.23,69467.77,B,B2,07/06/2021,Current,Business Expansion,Individual,8.32,366675.48,2022-12-31
LN-00295,MB-0295,2277000.0,2073200.0,36,11.22,64050.36,B,B5,2023-12-21,Default,Debt Consolidation,Individual,27.34,1005048.1,2025-07-24
LN-00296,MB-0023,688000.0,658300.0,48,23.23,16900.48,E,E2,2023-08-20,Fully Paid,Debt Consolidation,Joint,20.52,778463.0,2027-07-29
LN-00297,MB-0136,2103000.0,1901800.0,48,14.57,45393.59,C,C4,2023-08-21,Fully Paid,Agriculture,Joint,3.11,1972621.06,2027-07-21
LN-00298,MB-0245,1048000.0,1008100.0,48,10.56,23219.9,B,B5,2023-01-21,Fully Paid,Debt Consolidation,Joint,26.05,1168519.12,2026-12-11
LN-00299,MB-0189,1187000.0,1182900.0,48,9.25,26923.3,A,A3,2021-03-25,Current,Vehicle Purchase,Individual,24.33,833053.59,2022-02-10
LN-00300,MB-0035,1153000.0,1111800.0,36,17.63,36328.06,D,D3,2022-02-18,Fully Paid,Medical Emergency,Individual,23.7,1258552.71,2025-02-17
LN-00301,MB-0039,2360000.0,2292200.0,12,20.85,230843.64,E,E5,2023-01-02,current,Agriculture,Joint,40.26,872102.04,2023-04-19
LN-00302,MB-0084,1743000.0,1719100.0,24,14.17,81779.02,C,C2,2021-01-13,Fully Paid,Wedding,Joint,13.44,2093860.78,2023-01-01
LN-00303,MB-0326,1951000.0,1876100.0,60,10.36,34507.73,A,A2,2021-01-20,Fully Paid,Medical Emergency,Joint,7.75,2273323.32,2025-12-08
LN-00304,MB-0036,1377000.0,1274600.0,12,7.92,114629.03,A,A3,2022-03-20,Late,Agriculture,Joint,23.77,716721.99,2022-07-20
LN-00305,MB-0207,1475000.0,1337100.0,12,8.77,121196.97,A,A5,2022-04-03,Current,Vehicle Purchase,Individual,41.79,878256.38,2022-11-17
LN-00306,MB-0051,2469000.0,2253000.0,60,13.79,42728.14,C,C1,2023-07-03,CHARGED OFF,Vehicle Purchase,Individual,26.93,360874.5,2024-03-06
LN-00307,MB-0305,2908000.0,2868600.0,12,15.38,275815.89,C,C1,2023-08-27,Default,Wedding,Individual,36.52,1279892.14,2023-09-27
LN-00308,MB-0006,2920000.0,2704600.0,36,21.13,91002.28,E,E1,2021-07-12,Charged Off,Home Renovation,Individual,41.43,1090794.37,2023-05-01
LN-00309,MB-0019,576000.0,521300.0,12,8.37,47077.73,A,A2,2023-02-15,Current,Wedding,Individual,33.48,310603.51,2023-04-15
LN-00310,MB-0296,1934000.0,1775600.0,60,13.02,33446.39,B,B5,2021-01-26,CURRENT,Medical Emergency,Joint,27.06,1018524.4,2023-12-12
LN-00311,MB-0323,805000.0,765600.0,60,10.1,14048.76,A,A1,2023-10-21,Fully Paid,Medical Emergency,Joint,18.56,824581.67,2028-09-08
LN-00312,MB-0014,1044000.0,985700.0,36,16.98,32029.77,D,D3,2021-07-02,Current,Wedding,Joint,17.69,789364.42,2022-06-06
LN-00313,MB-0249,1433000.0,1363900.0,36,10.59,41898.25,B,B4,2023-09-26,Fully Paid,Business Expansion,Individual,4.3,1550919.0,2026-09-20
LN-00314,MB-0083,1152000.0,1080700.0,12,9.46,98577.85,A,A1,2021-03-15,fully paid,Education,Individual,23.52,476980.29,2021-05-29
LN-00315,MB-0331,843000.0,839700.0,48,21.52,21258.41,E,E1,2024-04-03,CURRENT,Business Expansion,Joint,8.19,682928.34,2024-12-04
LN-00316,MB-0170,2147000.0,2124700.0,24,19.21,105535.62,D,D4,2021-06-04,Charged Off,Vehicle Purchase,Joint,35.03,1262340.37,2021-12-15
LN-00317,MB-0277,1503000.0,1401800.0,36,15.63,45025.04,C,C2,2022-07-19,Late,Education,Individual,21.78,571202.0,2023-08-25
LN-00318,MB-0139,838000.0,818900.0,36,10.82,25208.47,B,B1,2021-11-02,charged off,Debt Consolidation,Joint,6.08,409878.33,2022-07-02
LN-00319,MB-0242,914000.0,833100.0,60,10.0,15273.5,A,A3,2021-09-21,fully paid,Vehicle Purchase,Joint,22.0,189623.2,2024-08-28
LN-00320,MB-0082,885000.0,867700.0,24,12.31,40604.74,B,B2,2022-07-02,Fully Paid,Wedding,Joint,33.88,887341.28,2024-06-24
LN-00321,MB-0293,1334000.0,1268700.0,48,13.71,30054.97,C,C4,2024-11-06,FULLY PAID,Medical Emergency,Individual,17.39,966728.14,2025-04-09
LN-00322,MB-0174,648000.0,589600.0,36,7.72,17642.14,A,A5,2023-08-08,Charged Off,Home Renovation,Individual,23.57,79251.46,2025-06-29
LN-00323,MB-0159,2373000.0,2222300.0,60,14.48,42401.48,C,C5,2024-02-15,current,Business Expansion,Individual,2.37,1842368.48,2026-03-31
LN-00324,MB-0008,232000.0,221800.0,60,7.97,3991.29,A,A2,2023-01-28,Charged Off,Wedding,Joint,34.67,113604.23,2026-04-14
LN-00325,MB-0167,908000.0,907400.0,12,10.66,83677.4,B,B2,2021-06-08,Current,Vehicle Purchase,Individual,21.91,519974.71,2022-02-18
LN-00326,MB-0284,2087000.0,2086900.0,24,7.94,93858.33,A,A5,2023-04-12,FULLY PAID,Education,Individual,23.79,1844995.45,2024-11-25
LN-00327,MB-0216,1334000.0,1256400.0,48,9.9,28766.32,A,A4,2021-05-06,Default,Vehicle Purchase,Individual,38.7,578803.46,2021-07-15
LN-00328,MB-0093,2760000.0,2543300.0,60,18.1,50060.62,D,D3,2024-10-03,Current,Wedding,Joint,14.08,1548097.36,2026-10-28
LN-00329,MB-0220,381000.0,348500.0,24,12.34,16312.7,B,B3,2022-11-30,Fully Paid,Education,Joint,40.11,367044.13,2024-12-06
LN-00330,MB-0038,2606000.0,2544900.0,60,14.82,48700.9,C,C4,2023-01-17,Current,Business Expansion,Individual,5.94,1220857.86,2023-06-24
LN-00331,MB-0191,111000.0,109500.0,12,22.56,11183.6,E,E3,2023-02-07,Default,Debt Consolidation,Individual,23.9,57830.02,2023-04-27
LN-00332,MB-0316,1337000.0,1260100.0,24,9.5,57492.06,A,A3,2022-02-19,Fully Paid,Medical Emergency,Joint,23.21,1297383.02,2024-01-24
LN-00333,MB-0285,286000.0,271300.0,60,15.78,5235.19,C,C1,2023-02-11,Fully Paid,Wedding,Individual,30.04,316284.27,2027-12-29
LN-00334,MB-0278,1567000.0,1460500.0,48,12.61,34263.94,B,B1,2024-11-18,CURRENT,Vehicle Purchase,Individual,3.61,582855.12,2026-01-05
LN-00335,MB-0194,1680000.0,1545600.0,12,20.9,155719.2,E,E1,2024-03-03,Current,Wedding,Individual,38.84,1381418.92,11-11-2024
LN-00336,MB-0251,681000.0,677400.0,12,17.15,66131.18,D,D1,2021-06-03,current,Agriculture,Individual,19.46,320565.95,2022-03-06
LN-00337,MB-0295,1222000.0,1209000.0,60,9.79,22122.69,A,A1,2022-06-20,CURRENT,Business Expansion,Individual,27.8,528020.16,2022-08-20
LN-00338,MB-0299,910000.0,858300.0,60,12.36,16073.1,B,B4,2021-01-28,Fully Paid,Education,Individual,11.31,882744.31,2026-01-19
LN-00339,MB-0347,126000.0,117900.0,60,16.83,2295.71,D,D5,2022-01-18,Fully Paid,Agriculture,Individual,19.93,134982.37,2026-12-25
LN-00340,MB-0270,591000.0,576200.0,24,11.94,26874.93,B,B5,2022-01-18,Fully Paid,Wedding,Joint,38.91,642713.87,2024-01-19
LN-00341,MB-0115,2133000.0,1996900.0,48,18.81,49427.44,D,D4,2022-12-15,Fully Paid,Wedding,Individual,11.2,2079003.48,2026-11-26
LN-00342,MB-0265,2757000.0,2570600.0,36,8.06,77160.84,A,A3,2024-02-19,Fully Paid,Home Renovation,Individual,44.93,3097512.52,2027-02-11
LN-00343,MB-0316,1609000.0,1514400.0,12,9.61,138327.82,A,A5,2021-05-09,CURRENT,Agriculture,Individual,36.85,1113697.02,2021-10-28
LN-00344,MB-0136,2140000.0,1958500.0,48,13.02,46114.51,B,B5,2022-10-04,Current,Home Renovation,Individual,8.92,667234.66,2023-01-13
LN-00345,MB-0100,2106000.0,1940200.0,36,13.75,61304.93,C,C1,2022-12-10,Fully Paid,Business Expansion,Individual,22.26,2199677.97,2025-11-08
LN-00346,MB-0270,997000.0,919200.0,24,8.5,41555.5,A,A2,2021-05-19,Charged Off,Business Expansion,Joint,3.04,481274.29,2022-03-04
LN-00347,MB-0208,823000.0,759200.0,12,13.95,72092.37,C,C5,2022-07-01,Current,Agriculture,Individual,37.05,680588.83,2022-10-18
LN-00348,MB-0133,733000.0,725300.0,36,12.74,22713.98,B,B2,2022-07-05,Fully Paid,Business Expansion,Joint,2.16,818226.57,2025-06-17
LN-00349,MB-0229,2659000.0,2474000.0,12,10.08,226948.27,A,A4,2021-05-25,charged off,Wedding,Joint,39.92,735413.23,2022-01-15
LN-00350,MB-0166,2028000.0,1906400.0,48,12.05,44502.53,B,B5,2022-06-19,Current,Medical Emergency,Individual,25.15,1061956.8,24-07-2023
LN-00351,MB-0228,657000.0,622000.0,12,8.36,56166.6,A,A4,2021-11-04,Fully Paid,Education,Joint,21.55,708134.8,2022-11-06
LN-00352,MB-0279,376000.0,338600.0,36,11.74,10509.77,B,B1,2022-05-27,Current,Vehicle Purchase,Individual,5.36,239867.19,2022-08-07
LN-00353,MB-0175,2425000.0,2288800.0,24,7.9,102900.63,A,A3,2023-08-31,Fully Paid,Education,Joint,12.35,2802513.82,2025-08-08
LN-00354,MB-0162,2977000.0,2863000.0,48,15.04,68616.57,C,C5,2022-08-23,Default,Vehicle Purchase,Individual,27.91,546844.07,2024-10-01
LN-00355,MB-0055,2368000.0,2315100.0,12,7.82,208011.74,A,A3,2024-03-18,Current,Agriculture,Joint,39.85,921053.19,2024-07-20
LN-00356,MB-0015,2128000.0,1918700.0,60,19.44,38194.92,D,D2,2022-09-14,Current,Home Renovation,Joint,44.68,1512477.62,2025-12-12
LN-00357,MB-0064,455000.0,441300.0,60,10.63,8136.84,B,B1,2022-04-30,Current,Business Expansion,Joint,36.59,102642.19,2024-06-14
LN-00358,MB-0024,1957000.0,1789900.0,36,15.52,57435.9,C,C4,2023-09-04,Default,Education,Individual,11.95,479672.02,2025-06-29
LN-00359,MB-0303,1623000.0,1505800.0,60,15.92,29092.06,C,C5,2023-03-13,Current,Wedding,Individual,21.68,786067.81,2026-02-18
LN-00360,MB-0004,2056000.0,1875000.0,36,11.73,58192.71,B,B1,2022-03-17,Current,Medical Emergency,Joint,14.31,1077422.77,2023-09-10
LN-00361,MB-0323,1591000.0,1449400.0,36,9.58,44118.13,A,A4,2024-05-14,Fully Paid,Debt Consolidation,Joint,22.37,1783933.93,2027-05-02
LN-00362,MB-0004,1054000.0,967300.0,48,8.98,21961.74,A,A3,2024-09-09,Fully Paid,Vehicle Purchase,Joint,32.66,991955.98,2028-08-12
LN-00363,MB-0151,2104000.0,1924400.0,12,18.15,189473.22,D,D2,2022-08-04,Charged Off,Business Expansion,Individual,4.22,911383.62,2023-03-29
LN-00364,MB-0128,2555000.0,2484500.0,24,8.07,111874.96,A,A1,2021-06-29,Fully Paid,Education,Individual,9.49,2752061.65,2023-06-18
LN-00365,MB-0279,2259000.0,2041600.0,60,9.67,37317.05,A,A3,2022-02-12,Fully Paid,Business Expansion,Individual,23.8,2141463.64,2026-12-30
LN-00366,MB-0082,632000.0,571500.0,36,15.58,18348.32,C,C1,2024-03-03,Fully Paid,Agriculture,Joint,2.4,709598.22,2027-02-08
LN-00367,MB-0172,702000.0,653700.0,24,19.16,32456.21,D,D1,2023-11-19,Fully Paid,Debt Consolidation,Joint,21.63,692025.21,2025-11-26
LN-00368,MB-0058,1244000.0,1230300.0,24,9.77,56270.85,A,A2,2024-05-07,Fully Paid,Education,Individual,26.5,1518675.97,2026-04-23
LN-00369,MB-0342,2999000.0,2790300.0,48,16.23,67565.95,C,C4,2021-04-24,Fully Paid,Business Expansion,Joint,5.84,3114964.15,2025-03-19
LN-00370,MB-0261,1925000.0,1877800.0,60,14.53,35844.07,C,C1,2021-10-25,Fully Paid,Vehicle Purchase,Individual,10.98,2327021.49,2026-10-06
LN-00371,MB-0041,391000.0,388400.0,24,10.84,17937.61,B,B1,2023-12-14,Fully Paid,Wedding,Individual,14.89,432327.85,2025-11-18
LN-00372,MB-0025,270000.0,257900.0,12,15.83,24893.8,C,C1,2024-01-11,Current,Home Renovation,Joint,6.82,97898.42,2024-09-20
LN-00373,MB-0029,2487000.0,2270900.0,12,11.7,211382.94,B,B1,2022-07-28,Charged Off,Wedding,Individual,23.76,927722.5,2022-08-31
LN-00374,MB-0159,111000.0,109600.0,12,10.8,10119.73,B,B1,2024-06-12,DEFAULT,Agriculture,Individual,17.07,24592.29,2024-12-26
LN-00375,MB-0043,1839000.0,1781500.0,24,10.45,81986.11,A,A4,2022-03-20,Fully Paid,Agriculture,Joint,17.0,2206176.8,2024-03-28
LN-00376,MB-0144,1118000.0,1104100.0,60,15.63,21277.85,C,C4,2024-12-27,charged off,Medical Emergency,Individual,37.68,567750.02,2025-04-23
LN-00377,MB-0135,486000.0,479800.0,60,11.57,8921.88,B,B5,2021-10-27,Current,Agriculture,Joint,43.17,351910.2,2024-03-21
LN-00378,MB-0282,1404000.0,1272400.0,24,10.28,58466.78,A,A5,2021-10-04,Charged Off,Medical Emergency,Individual,41.99,503253.43,2022-03-03
LN-00379,MB-0007,359000.0,350300.0,36,10.53,10755.18,B,B5,2023-12-08,Current,Education,Individual,17.13,264884.79,2025-05-24
LN-00380,MB-0061,2055000.0,1873400.0,60,13.29,35372.91,B,B1,2023-10-13,Fully Paid,Education,Individual,19.45,2098733.52,2028-09-13
LN-00381,MB-0071,1042000.0,1034600.0,12,16.45,100399.31,C,C3,2024-10-22,Charged Off,Wedding,Individual,5.78,497080.27,2025-03-08
LN-00382,MB-0125,1770000.0,1609600.0,24,10.7,74242.8,B,B5,2023-08-26,Fully Paid,Medical Emergency,Individual,41.82,1754015.67,2025-08-24
LN-00383,MB-0102,2813000.0,2798000.0,12,10.65,257998.92,B,B3,2021-10-13,current,Home Renovation,Joint,22.9,2438294.76,2022-07-22
LN-00384,MB-0174,2768000.0,2508800.0,12,12.48,235158.19,B,B3,2024-05-28,FULLY PAID,Vehicle Purchase,Individual,42.8,768198.59,2024-11-22
LN-00385,MB-0287,824000.0,813800.0,60,9.52,14854.56,A,A4,2024-01-31,Fully Paid,Vehicle Purchase,Joint,34.43,975807.11,2029-01-08
LN-00386,MB-0111,2071000.0,2024700.0,36,8.88,61235.93,A,A2,2024-12-21,Fully Paid,Education,Joint,4.69,2489809.25,2027-12-13
LN-00387,MB-0337,1584000.0,1441700.0,60,12.65,27067.92,B,B5,2023-03-24,Late,Home Renovation,Individual,31.9,847894.48,2026-03-29
LN-00388,MB-0243,1484000.0,1425900.0,12,8.7,129162.78,A,A1,2022-11-16,Current,Education,Joint,25.82,401389.26,2023-02-14
LN-00389,MB-0201,2359000.0,2136800.0,60,9.68,39060.7,A,A2,2022-12-02,Current,Medical Emergency,Individual,3.42,979843.2,2025-12-13
LN-00390,MB-0139,1208000.0,1166000.0,24,14.53,55642.49,C,C4,2021-07-12,current,Debt Consolidation,Individual,11.91,470728.95,2022-03-09
LN-00391,MB-0015,2830000.0,2588900.0,24,8.96,117536.06,A,A3,2024-03-02,Fully Paid,Medical Emergency,Individual,13.64,2889207.72,2026-03-02
LN-00392,MB-0198,728000.0,702500.0,12,11.99,65560.81,B,B1,2024-04-18,Current,Wedding,Joint,9.07,480895.23,2024-11-03
LN-00393,MB-0318,258000.0,233400.0,60,10.34,4292.23,A,A3,2021-09-22,Fully Paid,Medical Emergency,Individual,44.26,274452.05,2026-08-08
LN-00394,MB-0069,1122000.0,1091400.0,12,8.76,98917.22,A,A2,2021-09-28,current,Medical Emergency,Individual,29.66,918442.25,2022-01-13
LN-00395,MB-0035,117000.0,113900.0,36,14.45,3621.07,C,C3,2021-07-11,Default,Vehicle Purchase,Individual,14.57,57627.8,2022-09-16
LN-00396,MB-0219,967000.0,940400.0,48,14.16,22365.85,C,C4,2022-06-23,Fully Paid,Vehicle Purchase,Individual,6.09,1158014.85,2026-06-16
LN-00397,MB-0176,2342000.0,2144200.0,12,11.42,199088.97,B,B3,2021-02-02,current,Vehicle Purchase,Joint,42.08,1632734.76,2021-05-22
LN-00398,MB-0245,2421000.0,2298600.0,48,15.21,55171.19,C,C2,2023-09-08,Fully Paid,Debt Consolidation,Individual,31.21,2819960.88,2027-08-04
LN-00399,MB-0222,150000.0,143200.0,60,16.69,2785.0,D,D5,2024-03-17,Fully Paid,Home Renovation,Joint,40.32,159935.54,2029-02-06
LN-00400,MB-0080,1841000.0,1742000.0,36,15.86,56063.37,C,C2,2023-05-29,Default,Education,Individual,36.6,845979.01,2024-07-22
LN-00401,MB-0333,1816000.0,1669800.0,48,15.26,40096.07,C,C3,2021-08-03,FULLY PAID,Home Renovation,Individual,33.99,1089187.59,2023-11-01
LN-00402,MB-0229,1120000.0,1055000.0,36,16.27,34073.57,C,C2,2022-02-24,CHARGED OFF,Business Expansion,Joint,8.61,601557.44,2022-08-11
LN-00403,MB-0256,417000.0,397400.0,60,14.84,7606.24,C,C3,2022-01-15,Default,Medical Emergency,Individual,29.53,49289.07,2022-05-31
LN-00404,MB-0185,2261000.0,2119800.0,12,22.26,215972.29,E,E2,2024-11-28,Current,Debt Consolidation,Individual,5.28,1206268.58,2025-07-30
LN-00405,MB-0122,568000.0,558100.0,24,17.74,27379.46,D,D5,2021-09-27,Current,Business Expansion,Individual,26.68,422019.74,2022-09-02
LN-00406,MB-0081,238000.0,216000.0,36,8.56,6513.6,A,A3,2021-11-04,Fully Paid,Business Expansion,Individual,30.8,262336.56,2024-10-19
LN-00407,MB-0080,1237000.0,1201500.0,12,16.11,116255.14,C,C2,2021-03-12,Late,Vehicle Purchase,Joint,39.74,1073389.48,2021-09-12
LN-00408,MB-0274,1042000.0,1028500.0,24,20.75,51746.41,E,E3,2022-01-20,Current,Wedding,Individual,41.36,654169.83,2022-08-30
LN-00409,MB-0114,944000.0,880600.0,36,11.68,27318.17,B,B5,2022-02-17,Current,Debt Consolidation,Individual,21.66,647611.21,2024-02-29
LN-00410,MB-0027,1224000.0,1221300.0,48,9.73,27919.43,A,A5,2022-05-29,Fully Paid,Wedding,Joint,13.3,1490202.83,2026-04-22
LN-00411,MB-0038,2888000.0,2875100.0,48,8.73,65127.0,A,A1,2024-06-04,Fully Paid,Agriculture,Individual,44.24,3473891.52,2028-05-10
LN-00412,MB-0344,729000.0,669900.0,24,13.77,31756.05,C,C1,2024-05-16,Current,Home Renovation,Individual,7.35,290230.57,2024-11-29
LN-00413,MB-0015,2930000.0,2729500.0,36,8.89,82559.79,A,A2,2023-12-18,Charged Off,Home Renovation,Individual,2.53,1428301.61,2024-07-05
LN-00414,MB-0060,1888000.0,1873800.0,12,13.92,177886.08,C,C3,18/10/2024,Current,Business Expansion,Joint,37.98,1488461.31,2025-06-28
LN-00415,MB-0068,344000.0,318400.0,60,10.92,5886.15,B,B3,2022-09-26,Fully Paid,Business Expansion,Joint,41.96,362704.57,2027-09-03
LN-00416,MB-0074,847000.0,766300.0,36,10.73,23570.11,B,B5,2024-05-04,Fully Paid,Business Expansion,Joint,35.89,879980.69,2027-04-05
LN-00417,MB-0060,2545000.0,2391600.0,24,14.08,113680.72,C,C1,19/05/2021,Fully Paid,Debt Consolidation,Joint,6.09,2555830.03,2023-05-16
LN-00418,MB-0311,2681000.0,2499900.0,12,13.41,236261.38,B,B3,2021-03-21,Current,Medical Emergency,Individual,14.9,1425032.38,2021-06-07
LN-00419,MB-0047,873000.0,828100.0,60,11.87,15439.92,B,B5,2023-09-07,Current,Home Renovation,Individual,4.33,184229.34,2026-02-24
LN-00420,MB-0178,2477000.0,2437600.0,12,8.84,221090.32,A,A1,2024-10-31,late,Home Renovation,Individual,25.05,1712171.24,2025-06-02
LN-00421,MB-0081,2730000.0,2729500.0,36,8.92,82582.54,A,A2,2023-05-22,CURRENT,Vehicle Purchase,Joint,37.45,1890875.85,2024-06-29
LN-00422,MB-0073,342000.0,332700.0,24,11.81,15499.66,B,B5,2021-10-30,Current,Debt Consolidation,Individual,33.34,210874.14,2023-01-08
LN-00423,MB-0125,2644000.0,2393600.0,48,18.08,58882.56,D,D4,2021-01-06,Late,Medical Emergency,Joint,40.79,1235286.24,2021-05-23
LN-00424,MB-0204,2380000.0,2175800.0,36,14.45,69172.31,C,C2,2023-12-09,Current,Home Renovation,Individual,24.4,1503186.23,2025-05-21
LN-00425,MB-0028,1250000.0,1194400.0,60,14.41,22775.22,C,C3,2021-05-30,Fully Paid,Business Expansion,Individual,2.58,1470682.24,2026-04-30
LN-00426,MB-0316,1135000.0,1088100.0,12,18.09,107078.11,D,D1,2021-07-16,Late,Agriculture,Joint,38.14,875895.73,2021-11-04
LN-00427,MB-0126,2430000.0,2251600.0,36,15.52,72251.34,C,C2,2021-06-26,Default,Vehicle Purchase,Joint,38.9,741033.76,2023-03-19
LN-00428,MB-0068,1296000.0,1277600.0,24,17.03,62298.97,D,D2,2024-03-12,Charged Off,Business Expansion,Joint,2.58,338370.96,2024-04-21
LN-00429,MB-0184,488000.0,456000.0,48,10.11,10460.45,A,A5,2024-03-04,Default,Debt Consolidation,Joint,37.67,221900.48,2025-09-21
LN-00430,MB-0130,1799000.0,1692300.0,48,18.35,41725.77,D,D1,2023-06-30,Fully Paid,Business Expansion,Individual,43.4,1857231.56,2027-06-08
LN-00431,MB-0208,723000.0,666300.0,12,7.95,59939.24,A,A1,2022-03-15,Late,Debt Consolidation,Individual,26.72,327522.71,2022-07-15
LN-00432,MB-0258,826000.0,801900.0,24,13.67,37979.99,C,C4,2024-03-13,Fully Paid,Home Renovation,Joint,17.01,839958.72,2026-02-20
LN-00433,MB-0049,623000.0,611300.0,24,19.15,30348.5,D,D5,2021-05-04,FULLY PAID,Vehicle Purchase,Joint,15.72,320823.09,2022-02-02
LN-00434,MB-0176,1547000.0,1462400.0,36,14.93,46687.12,C,C4,2023-10-06,Fully Paid,Agriculture,Joint,5.04,1630833.78,2026-09-04
LN-00435,MB-0344,1358000.0,1338800.0,24,13.57,63353.13,C,C4,2022-09-27,Late,Home Renovation,Joint,19.4,643467.12,25-04-2024
LN-00436,MB-0079,2668000.0,2539400.0,48,10.04,58215.75,A,A5,2023-06-23,current,Debt Consolidation,Individual,20.93,2178773.43,2023-08-12
LN-00437,MB-0252,348000.0,333200.0,60,18.95,6605.69,D,D3,2021-05-18,Fully Paid,Agriculture,Joint,25.27,345149.7,2026-04-24
LN-00438,MB-0201,169000.0,163100.0,12,14.13,15512.17,C,C1,2022-10-29,Fully Paid,Debt Consolidation,Joint,30.74,180151.16,2023-10-19
LN-00439,MB-0227,1535000.0,1461800.0,36,12.52,45689.37,B,B4,2023-05-30,Current,Vehicle Purchase,Individual,30.28,872257.67,2024-06-12
LN-00440,MB-0115,1216000.0,1110600.0,12,19.0,110134.5,D,D5,2024-08-20,Fully Paid,Vehicle Purchase,Joint,29.53,1386162.63,2025-08-02
LN-00441,MB-0197,2722000.0,2632500.0,48,12.3,61589.53,B,B1,2023-01-25,Late,Agriculture,Joint,14.84,2007457.6,2023-04-08
LN-00442,MB-0222,925000.0,894900.0,48,14.73,21389.97,C,C3,2021-01-27,Fully Paid,Medical Emergency,Individual,6.94,1103757.04,2024-12-17
LN-00443,MB-0251,224000.0,213200.0,36,12.42,6657.76,B,B4,2021-07-11,Default,Wedding,Individual,44.35,110053.82,2022-05-24
LN-00444,MB-0086,2017000.0,1826200.0,48,15.4,43904.89,C,C1,2023-05-22,FULLY PAID,Business Expansion,Joint,27.97,782626.07,2026-02-10
LN-00445,MB-0043,81000.0,76200.0,48,16.89,1855.63,D,D1,2024-10-31,Charged Off,Education,Individual,23.73,41179.22,2025-01-12
LN-00446,MB-0058,2256000.0,2227300.0,24,13.08,104942.95,B,B1,2021-12-09,Current,Agriculture,Individual,25.36,1173532.24,2022-06-12
LN-00447,MB-0114,2356000.0,2223700.0,24,8.82,100826.26,A,A1,2024-11-24,Current,Home Renovation,Individual,10.61,1351944.89,2025-03-17
LN-00448,MB-0220,1983000.0,1948800.0,60,21.23,39375.5,E,E4,18/07/2023,Current,Business Expansion,Joint,26.3,859901.35,2025-09-25
LN-00449,MB-0155,1572000.0,1516600.0,24,21.97,77074.88,E,E4,2022-08-11,Fully Paid,Medical Emergency,Joint,18.66,1836376.37,2024-07-25
LN-00450,MB-0261,2916000.0,2718400.0,36,13.27,85531.44,B,B4,2021-02-22,Current,Wedding,Joint,8.84,1569933.93,2021-11-23
LN-00451,MB-0178,2982000.0,2823400.0,12,12.31,264246.71,B,B2,2021-11-14,Charged Off,Education,Joint,13.46,1643210.15,2022-01-10
LN-00452,MB-0332,1905000.0,1794800.0,60,14.64,34292.65,C,C2,2024-03-27,Current,Vehicle Purchase,Joint,33.81,767873.86,2024-05-25
LN-00453,MB-0246,246000.0,224500.0,60,7.62,4026.78,A,A1,2023-11-07,Fully Paid,Debt Consolidation,Joint,39.37,256342.86,2028-10-14
LN-00454,MB-0265,1565000.0,1524700.0,48,23.34,39178.44,E,E3,2023-07-22,Late,Business Expansion,Individual,11.94,1117994.1,2024-12-12
LN-00455,MB-0145,2337000.0,2110800.0,24,9.07,95927.07,A,A5,2022-09-22,Charged Off,Debt Consolidation,Individual,12.5,396641.81,2023-12-26
LN-00456,MB-0152,2081000.0,1911200.0,48,15.33,45920.56,C,C3,2022-04-30,charged off,Education,Joint,29.83,396186.69,2024-06-17
LN-00457,MB-0054,2055000.0,1894300.0,36,14.8,60407.12,C,C5,07/12/2023,Fully Paid,Agriculture,Joint,41.85,1995121.17,2026-11-16
LN-00458,MB-0221,2960000.0,2783500.0,48,14.94,66653.23,C,C4,2021-02-02,Fully Paid,Debt Consolidation,Joint,11.16,3094869.76,2025-01-06
LN-00459,MB-0141,619000.0,571100.0,48,18.45,14093.08,D,D2,2023-01-27,FULLY PAID,Agriculture,Joint,25.46,136036.44,2024-02-09
LN-00460,MB-0279,222000.0,213000.0,36,12.59,6661.58,B,B4,27/02/2024,Fully Paid,Business Expansion,Joint,17.94,238468.23,2027-01-31
LN-00461,MB-0178,2541000.0,2405600.0,24,7.59,107841.04,A,A2,2024-12-09,Current,Vehicle Purchase,Individual,41.77,766448.27,2025-08-17
LN-00462,MB-0326,2602000.0,2388400.0,36,17.3,77822.03,D,D2,2023-11-21,Current,Medical Emergency,Joint,23.51,766522.49,2026-03-04
LN-00463,MB-0067,2092000.0,1900200.0,60,11.69,35372.22,B,B3,2024-08-20,Current,Wedding,Joint,21.83,1649530.96,2024-12-09
LN-00464,MB-0278,1170000.0,1152400.0,60,14.99,22085.75,C,C1,2022-08-20,Late,Business Expansion,Individual,41.11,934682.94,2026-02-05
LN-00465,MB-0282,1828000.0,1665200.0,48,13.18,39264.03,B,B2,2022-12-17,FULLY PAID,Debt Consolidation,Joint,24.28,1233893.94,2024-05-08
LN-00466,MB-0315,1720000.0,1571400.0,60,9.12,28578.53,A,A2,2023-04-26,Fully Paid,Debt Consolidation,Individual,44.86,1936548.67,2028-03-22
LN-00467,MB-0180,1217000.0,1202700.0,36,15.24,38499.76,C,C5,2023-01-07,Fully Paid,Medical Emergency,Individual,27.3,1280034.75,2025-12-02
LN-00468,MB-0305,209000.0,203600.0,12,10.64,18771.92,B,B5,2023-10-31,Fully Paid,Business Expansion,Joint,37.21,247644.07,2024-11-03
LN-00469,MB-0030,2179000.0,2160200.0,36,17.25,70356.51,D,D4,2021-08-27,Fully Paid,Wedding,Joint,27.53,2431953.59,2024-08-27
LN-00470,MB-0175,1145000.0,1098400.0,36,11.28,33952.76,B,B2,2021-05-29,current,Business Expansion,Joint,40.54,956742.16,2021-07-18
LN-00471,MB-0226,2468000.0,2388700.0,36,12.62,74726.5,B,B3,2021-07-28,Fully Paid,Vehicle Purchase,Individual,16.56,2937334.5,2024-07-15
LN-00472,MB-0315,589000.0,554800.0,24,11.91,25869.86,B,B1,2024-01-11,Current,Education,Individual,28.61,472905.16,2025-06-05
LN-00473,MB-0212,546000.0,503800.0,48,16.27,12203.51,C,C1,2022-11-19,Fully Paid,Business Expansion,Individual,10.21,583355.71,2026-10-26
LN-00474,MB-0075,1276000.0,1250700.0,36,22.69,42624.55,E,E5,2024-10-14,FULLY PAID,Debt Consolidation,Joint,31.25,574791.93,2026-04-26
LN-00475,MB-0088,928000.0,869700.0,48,12.82,20441.57,B,B3,2024-01-30,CURRENT,Agriculture,Joint,23.46,232182.2,2025-05-10
LN-00476,MB-0017,306000.0,303600.0,24,9.77,13885.9,A,A4,2024-07-01,Fully Paid,Business Expansion,Joint,21.43,319369.92,2026-06-25
LN-00477,MB-0018,401000.0,371000.0,48,13.65,8784.2,C,C4,2023-06-06,Fully Paid,Agriculture,Joint,19.66,442494.34,10-05-2027
LN-00478,MB-0138,2688000.0,2445900.0,36,14.53,77813.59,C,C2,2023-04-27,FULLY PAID,Home Renovation,Individual,36.58,1880529.9,2025-01-19
LN-00479,MB-0312,123000.0,117900.0,36,9.71,3593.0,A,A3,2023-06-09,FULLY PAID,Medical Emergency,Joint,31.18,76126.83,2025-01-24
LN-00480,MB-0341,2565000.0,2512500.0,24,13.5,118820.31,B,B4,2023-10-10,Current,Medical Emergency,Joint,15.13,816588.33,2025-01-07
LN-00481,MB-0065,1707000.0,1551300.0,24,9.8,70971.98,A,A4,2021-12-15,Current,Business Expansion,Individual,4.46,459736.88,2023-06-17
LN-00482,MB-0293,1048000.0,998300.0,60,11.68,18581.69,B,B3,2022-07-22,fully paid,Wedding,Joint,5.67,471990.6,2022-10-08
LN-00483,MB-0273,1238000.0,1215200.0,48,14.53,28995.18,C,C1,2021-12-04,current,Home Renovation,Individual,3.84,507629.94,2024-05-04
LN-00484,MB-0082,798000.0,773400.0,24,16.53,37551.79,D,D3,2021-08-20,Late,Vehicle Purchase,Joint,7.24,344852.77,2022-12-10
LN-00485,MB-0287,2728000.0,2572700.0,36,12.89,80675.58,B,B5,2023-01-07,Late,Wedding,Individual,14.21,706815.91,2023-12-03
LN-00486,MB-0259,1509000.0,1435400.0,36,8.23,43153.71,A,A4,2023-01-02,Late,Debt Consolidation,Individual,16.78,1223734.37,2025-04-08
LN-00487,MB-0057,2918000.0,2839400.0,12,18.03,279278.65,D,D2,2024-07-14,Current,Vehicle Purchase,Individual,19.37,737261.97,2025-03-15
LN-00488,MB-0065,2434000.0,2425800.0,12,17.11,236737.86,D,D3,2024-03-17,CURRENT,Business Expansion,Joint,36.9,1060422.86,2024-10-25
LN-00489,MB-0350,1303000.0,1278200.0,60,15.31,24564.87,C,C3,2024-06-16,Fully Paid,Agriculture,Joint,34.94,1344013.08,2029-06-03
LN-00490,MB-0081,1215000.0,1179200.0,24,13.33,55682.81,B,B4,2023-02-25,Current,Vehicle Purchase,Joint,34.15,255217.6,2023-08-31
LN-00491,MB-0010,2289000.0,2211200.0,60,7.98,39794.23,A,A3,2024-04-12,Current,Wedding,Individual,7.66,1408887.66,2026-04-11
LN-00492,MB-0053,1977000.0,1976800.0,48,10.12,45351.09,A,A4,2023-05-06,Current,Wedding,Joint,34.83,686620.54,2024-06-05
LN-00493,MB-0198,2965000.0,2782800.0,48,15.48,66949.53,C,C3,2022-11-26,Current,Education,Joint,20.73,1476700.48,2025-11-05
LN-00494,MB-0089,1066000.0,1030400.0,60,11.71,19184.33,B,B5,2021-06-11,Fully Paid,Education,Joint,18.45,1267671.05,2026-05-19
LN-00495,MB-0279,2871000.0,2716400.0,60,11.81,50620.11,B,B3,2021-08-27,Fully Paid,Business Expansion,Joint,26.2,3068753.57,2026-08-20
LN-00496,MB-0110,2893000.0,2759600.0,36,8.7,83324.59,A,A5,2022-05-13,fully paid,Debt Consolidation,Joint,16.74,1439861.07,2022-10-24
LN-00497,MB-0145,2715000.0,2514600.0,12,21.48,254561.34,E,E4,2024-11-08,Current,Business Expansion,Individual,5.74,2030597.58,2025-08-28
LN-00498,MB-0308,1187000.0,1123400.0,36,9.79,34260.58,A,A1,2022-12-19,Fully Paid,Debt Consolidation,Individual,17.84,1355480.53,2025-12-22
LN-00499,MB-0318,1858000.0,1700700.0,12,16.52,165137.97,D,D3,2021-10-23,Current,Business Expansion,Joint,29.47,748510.42,2021-11-23
LN-00500,MB-0064,2007000.0,2004900.0,48,12.86,47140.21,B,B4,2022-05-18,Current,Medical Emergency,Individual,11.61,1725442.18,2024-01-03
LN-00501,MB-0311,1186000.0,1146400.0,12,18.48,113187.89,D,D4,2024-07-22,Fully Paid,Education,Joint,38.94,1183749.83,2025-07-02
LN-00502,MB-0292,893000.0,849700.0,36,11.12,26227.41,B,B3,02/07/2024,Late,Debt Consolidation,Joint,20.23,282108.64,2025-10-30
LN-00503,MB-0118,2924000.0,2764700.0,60,14.8,52897.93,C,C5,2023-11-07,Fully Paid,Debt Consolidation,Joint,24.04,2899764.63,2028-10-19
LN-00504,MB-0255,1372000.0,1235400.0,12,20.76,124322.42,E,E2,2023-03-26,LATE,Wedding,Joint,12.16,1079272.33,2023-12-03
LN-00505,MB-0088,2948000.0,2746800.0,60,9.54,50147.41,A,A5,2023-04-19,fully paid,Business Expansion,Individual,7.5,2303435.89,2023-12-04
LN-00506,MB-0064,2163000.0,2005900.0,48,13.69,47510.58,C,C5,2022-03-25,Fully Paid,Wedding,Joint,18.28,2120988.87,2026-03-20
LN-00507,MB-0192,1432000.0,1321200.0,36,9.92,40340.64,A,A2,2021-10-15,CHARGED OFF,Education,Joint,5.18,736192.01,2022-09-22
LN-00508,MB-0297,2079000.0,1957300.0,24,8.78,88714.62,A,A2,2024-06-23,Fully Paid,Vehicle Purchase,Individual,28.72,2112387.49,2026-06-26
LN-00509,MB-0305,597000.0,580500.0,12,7.86,52177.28,A,A4,2022-02-28,Current,Education,Individual,3.79,265320.36,2022-05-07
LN-00510,MB-0068,2087000.0,2078700.0,36,21.96,70421.74,E,E5,2024-02-14,Late,Agriculture,Individual,34.66,705730.52,2025-07-04
LN-00511,MB-0173,2448000.0,2265800.0,36,15.12,72455.25,C,C4,2022-05-01,CURRENT,Debt Consolidation,Joint,36.5,830143.0,30-06-2023
LN-00512,MB-0127,2117000.0,1959000.0,12,16.49,190169.93,C,C2,2023-01-14,Fully Paid,Business Expansion,Joint,28.64,2388891.93,2024-01-16
LN-00513,MB-0326,1423000.0,1324500.0,36,11.57,41048.46,B,B3,2021-06-22,Fully Paid,Education,Joint,23.74,1376215.39,2024-05-26
LN-00514,MB-0211,1922000.0,1912100.0,24,7.94,85996.7,A,A3,2023-07-10,FULLY PAID,Business Expansion,Joint,31.0,1300129.98,2023-10-27
LN-00515,MB-0247,1590000.0,1533700.0,36,10.77,47191.1,B,B4,2022-07-27,Current,Wedding,Individual,4.55,1099683.99,2024-11-29
LN-00516,MB-0344,1548000.0,1545300.0,36,16.29,49917.48,C,C5,2023-12-21,Fully Paid,Debt Consolidation,Individual,2.02,1795665.03,18-11-2026
LN-00517,MB-0010,2842000.0,2827000.0,12,18.74,279731.65,D,D5,2021-03-23,LATE,Debt Consolidation,Individual,29.29,982185.52,2021-12-03
LN-00518,MB-0136,1950000.0,1841300.0,48,8.25,41525.15,A,A2,2023-04-23,Fully Paid,Debt Consolidation,Individual,40.21,2113677.06,20-03-2027
LN-00519,MB-0114,1291000.0,1274600.0,24,13.07,60049.59,B,B3,2024-03-07,current,Education,Individual,33.23,928609.76,2025-07-03
LN-00520,MB-0248,1059000.0,1051400.0,24,13.04,49520.94,B,B5,2021-10-21,Fully Paid,Business Expansion,Individual,30.27,1275491.36,2023-10-31
LN-00521,MB-0266,2841000.0,2568900.0,36,10.68,78979.4,B,B3,2022-01-08,Current,Vehicle Purchase,Individual,32.66,1859878.0,2022-11-15
LN-00522,MB-0119,2810000.0,2790100.0,60,15.51,53714.08,C,C3,02/03/2024,Current,Home Renovation,Joint,3.24,1301788.74,2025-05-17
LN-00523,MB-0003,2684000.0,2527200.0,24,11.35,117251.55,B,B1,2021-10-03,Current,Medical Emergency,Joint,43.47,1919336.86,2022-04-18
LN-00524,MB-0072,2772000.0,2642000.0,24,17.26,129083.72,D,D5,2021-03-22,Fully Paid,Home Renovation,Joint,11.82,2881709.86,2023-02-21
LN-00525,MB-0151,1501000.0,1365900.0,12,13.65,129362.11,C,C2,2024-01-31,Fully Paid,Home Renovation,Individual,42.79,1617703.51,31-01-2025
LN-00526,MB-0100,1769000.0,1616500.0,48,13.67,38280.74,C,C2,2024-02-10,Default,Education,Joint,44.56,880194.76,2024-05-23
LN-00527,MB-0132,886000.0,834800.0,12,9.98,76509.42,A,A2,2021-12-21,Late,Business Expansion,Individual,8.03,696324.78,2022-01-22
LN-00528,MB-0134,676000.0,638300.0,12,14.17,60728.93,C,C3,2023-03-31,Charged Off,Business Expansion,Individual,30.54,280787.14,2023-05-18
LN-00529,MB-0304,2827000.0,2636000.0,60,13.76,49978.56,C,C5,2023-03-14,Current,Medical Emergency,Joint,6.78,2035637.17,2026-11-01
LN-00530,MB-0302,241000.0,222200.0,24,9.45,10133.25,A,A4,2024-04-05,Charged Off,Business Expansion,Individual,23.37,24833.46,2025-07-18
LN-00531,MB-0041,317000.0,286500.0,36,13.84,9059.77,C,C5,2021-03-20,Fully Paid,Home Renovation,Joint,32.62,313716.56,2024-03-12
LN-00532,MB-0215,1664000.0,1586400.0,60,9.69,29002.04,A,A2,2022-08-05,Charged Off,Agriculture,Joint,3.92,578771.89,2024-06-11
LN-00533,MB-0264,1092000.0,997100.0,24,10.32,45833.36,A,A5,2024-12-03,Default,Agriculture,Individual,32.87,212031.07,2025-03-06
LN-00534,MB-0015,1748000.0,1665300.0,24,11.4,77297.68,B,B4,2022-06-12,Fully Paid,Medical Emergency,Individual,4.61,1742340.8,2024-05-22
LN-00535,MB-0313,1529000.0,1503500.0,60,18.63,29726.7,D,D2,2023-07-11,fully paid,Medical Emergency,Individual,44.26,721401.97,2027-07-14
LN-00536,MB-0127,1011000.0,972500.0,48,17.49,23803.96,D,D3,2024-03-23,Fully Paid,Medical Emergency,Individual,6.42,1038263.53,2028-02-24
LN-00537,MB-0167,1836000.0,1699900.0,24,11.91,79264.92,B,B3,2023-03-30,Late,Business Expansion,Individual,9.8,1094704.44,2024-10-05
LN-00538,MB-0273,821000.0,769800.0,60,17.72,15103.48,D,D4,2021-09-12,CURRENT,Home Renovation,Individual,36.57,404658.59,2021-12-14
LN-00539,MB-0209,57000.0,54900.0,60,8.68,994.42,A,A2,2024-07-27,current,Debt Consolidation,Individual,13.06,39445.03,2024-11-08
LN-00540,MB-0166,1335000.0,1256700.0,24,16.93,61227.47,D,D1,2022-06-09,Fully Paid,Agriculture,Individual,12.74,1519501.96,2024-05-29
LN-00541,MB-0247,1977000.0,1966300.0,48,14.98,47101.08,C,C4,2021-05-02,Current,Medical Emergency,Individual,2.91,1015816.58,2024-06-08
LN-00542,MB-0311,1973000.0,1786800.0,60,10.73,32975.39,B,B5,2022-10-21,Charged Off,Medical Emergency,Joint,37.73,584163.26,2025-07-17
LN-00543,MB-0271,332000.0,327600.0,24,10.28,15053.22,A,A4,2022-10-19,Default,Debt Consolidation,Individual,44.16,51874.72,2023-12-28
LN-00544,MB-0105,2793000.0,2583100.0,60,8.14,46556.07,A,A3,2024-11-17,Current,Wedding,Individual,43.46,1663045.58,2026-04-21
LN-00545,MB-0122,757000.0,701500.0,48,11.16,16245.57,B,B2,2022-10-22,FULLY PAID,Medical Emergency,Individual,16.97,291940.6,2024-01-03
LN-00546,MB-0157,1311000.0,1222000.0,12,14.54,116639.9,C,C5,2023-12-06,Fully Paid,Education,Individual,9.81,1272205.79,2024-12-10
LN-00547,MB-0300,997000.0,924200.0,24,15.58,44507.93,C,C4,2022-08-19,Fully Paid,Medical Emergency,Joint,17.81,992347.67,2024-07-21
LN-00548,MB-0116,150000.0,146900.0,48,8.32,3315.04,A,A2,2023-05-11,Charged Off,Wedding,Individual,5.82,43076.74,2024-01-08
LN-00549,MB-0072,2038000.0,1916900.0,24,22.3,97682.03,E,E2,2022-12-23,Charged Off,Agriculture,Joint,12.54,915617.26,2024-02-06
LN-00550,MB-0314,2194000.0,2022500.0,24,12.21,94560.3,B,B2,2022-09-11,Fully Paid,Agriculture,Joint,36.13,2521934.88,2024-09-03
LN-00551,MB-0124,806000.0,790100.0,60,10.52,14553.64,B,B4,2021-10-18,Charged Off,Wedding,Individual,6.66,228316.17,2024-02-20
LN-00552,MB-0139,736000.0,722200.0,48,17.7,17708.95,D,D3,2022-04-15,fully paid,Agriculture,Individual,26.06,527262.5,2024-01-04
LN-00553,MB-0198,1793000.0,1639800.0,48,23.02,42026.71,E,E4,2021-03-16,Current,Medical Emergency,Joint,42.33,697668.63,2022-12-18
LN-00554,MB-0132,192000.0,173400.0,12,14.06,16481.67,C,C2,2024-08-27,Charged Off,Debt Consolidation,Joint,20.15,81908.31,2025-02-17
LN-00555,MB-0081,2356000.0,2345800.0,36,14.23,74433.54,C,C2,2021-08-29,Current,Home Renovation,Joint,7.06,1690641.27,2022-03-28
LN-00556,MB-0181,1592000.0,1481300.0,36,8.51,44648.85,A,A1,2023-07-04,Late,Education,Joint,42.49,593120.6,2023-11-03
LN-00557,MB-0308,2802000.0,2576300.0,24,21.02,129909.93,E,E1,2021-06-22,Current,Home Renovation,Joint,37.03,1782633.57,2022-02-13
LN-00558,MB-0076,1677000.0,1610600.0,48,14.01,38255.11,C,C1,2021-11-04,Fully Paid,Medical Emergency,Individual,20.75,1753171.47,2025-09-28
LN-00559,MB-0350,1686000.0,1645800.0,36,13.41,51847.27,B,B5,2021-07-19,Fully Paid,Education,Individual,5.84,1719497.53,26-06-2024
LN-00560,MB-0331,646000.0,601500.0,12,9.27,54771.59,A,A4,2023-08-21,Fully Paid,Vehicle Purchase,Individual,42.74,638056.9,2024-09-02
LN-00561,MB-0260,2433000.0,2216800.0,24,14.59,105842.96,C,C1,2024-09-08,Fully Paid,Medical Emergency,Joint,19.86,2698666.52,2026-08-25
LN-00562,MB-0149,1351000.0,1271400.0,24,15.62,61249.7,C,C1,2024-04-18,Current,Debt Consolidation,Joint,25.88,1067290.47,2024-06-29
LN-00563,MB-0208,1149000.0,1103700.0,24,8.99,50121.78,A,A4,2024-01-05,current,Education,Individual,26.21,606931.6,03-06-2025
LN-00564,MB-0166,429000.0,391600.0,24,9.1,17801.48,A,A1,2021-01-30,Charged Off,Debt Consolidation,Individual,32.52,168904.52,2021-06-23
LN-00565,MB-0131,2434000.0,2242400.0,60,13.1,42269.24,B,B1,2023-10-13,fully paid,Wedding,Joint,26.05,1118387.78,2024-07-15
LN-00566,MB-0145,413000.0,406500.0,48,9.22,9249.57,A,A4,2022-09-28,Current,Wedding,Joint,27.13,358145.33,2024-03-15
LN-00567,MB-0293,1872000.0,1849400.0,36,9.87,56442.66,A,A3,2022-12-18,Current,Medical Emergency,Joint,19.62,1027963.32,2024-09-19
LN-00568,MB-0333,1407000.0,1282700.0,12,14.78,122690.25,C,C3,2021-09-14,Charged Off,Home Renovation,Joint,7.4,449691.87,25-01-2022
LN-00569,MB-0104,2887000.0,2694600.0,12,8.12,242783.46,A,A4,2024-11-08,Charged Off,Vehicle Purchase,Joint,24.5,1612998.99,2025-03-19
LN-00570,MB-0175,661000.0,597500.0,48,16.24,14469.46,C,C3,2022-08-04,Fully Paid,Agriculture,Joint,15.59,640586.29,2026-07-08
LN-00571,MB-0343,2959000.0,2898500.0,48,18.79,71731.84,D,D3,2021-05-11,fully paid,Education,Joint,32.3,904769.83,2024-04-25
LN-00572,MB-0088,1371000.0,1285600.0,24,7.54,57605.59,A,A1,2022-02-02,Fully Paid,Wedding,Joint,6.91,1477298.41,2024-01-05
LN-00573,MB-0059,2898000.0,2890700.0,60,9.71,52856.45,A,A4,2021-05-09,Current,Vehicle Purchase,Joint,29.17,1042032.9,2023-05-14
LN-00574,MB-0206,1591000.0,1510700.0,36,10.51,46374.29,B,B2,2024-09-23,Default,Agriculture,Joint,34.44,235671.78,2025-01-05
LN-00575,MB-0060,2146000.0,2096500.0,24,13.86,99461.45,C,C2,2022-10-09,Fully Paid,Medical Emergency,Joint,23.82,2409592.2,2024-09-08
LN-00576,MB-0308,2835000.0,2615900.0,36,9.69,79705.02,A,A5,2023-05-22,Fully Paid,Vehicle Purchase,Joint,44.66,2783570.36,2026-05-22
LN-00577,MB-0307,218000.0,198500.0,60,14.98,3803.92,C,C1,2022-10-09,fully paid,Medical Emergency,Joint,24.69,155022.84,07-01-2023
LN-00578,MB-0248,780000.0,770200.0,60,20.77,15502.84,E,E5,2021-02-12,Fully Paid,Vehicle Purchase,Joint,40.7,914548.98,2026-01-26
LN-00579,MB-0278,603000.0,574700.0,12,22.81,58815.76,E,E2,2021-02-14,Fully Paid,Home Renovation,Individual,15.53,603194.05,2022-02-01
LN-00580,MB-0036,159000.0,145300.0,12,18.4,14336.27,D,D1,2023-08-23,Charged Off,Home Renovation,Joint,44.12,52122.81,2023-10-03
LN-00581,MB-0329,1283000.0,1190100.0,24,15.18,57114.88,C,C5,31/07/2023,Current,Medical Emergency,Individual,29.44,677099.99,2023-10-24
LN-00582,MB-0038,668000.0,658000.0,48,15.18,15789.26,C,C5,2022-09-05,Late,Home Renovation,Joint,25.17,433102.15,2024-09-21
LN-00583,MB-0304,1723000.0,1716400.0,48,13.16,40464.13,B,B5,2022-01-30,fully paid,Agriculture,Joint,35.66,482603.88,2023-08-30
LN-00584,MB-0258,2669000.0,2599100.0,36,8.39,78254.57,A,A5,2023-05-22,Late,Debt Consolidation,Individual,24.98,1338997.4,2025-09-28
LN-00585,MB-0316,2262000.0,2138500.0,36,17.04,69525.01,D,D4,2024-12-15,Current,Vehicle Purchase,Individual,34.33,1408615.42,2026-04-15
LN-00586,MB-0144,2640000.0,2427500.0,36,9.09,73559.99,A,A2,2024-09-20,Current,Business Expansion,Individual,29.39,2060292.92,2026-08-24
LN-00587,MB-0019,1532000.0,1418300.0,12,14.86,135754.95,C,C2,2024-01-17,Current,Debt Consolidation,Joint,31.76,508232.68,2024-06-11
LN-00588,MB-0080,2543000.0,2381900.0,24,8.8,107979.47,A,A3,2023-01-07,fully paid,Medical Emergency,Individual,9.28,1090143.27,2024-08-23
LN-00589,MB-0223,2205000.0,2104200.0,24,11.21,97503.37,B,B5,2021-09-30,Charged Off,Education,Joint,44.4,546208.87,2022-10-07
LN-00590,MB-0154,753000.0,736500.0,24,8.48,33289.8,A,A1,2023-09-07,Current,Medical Emergency,Individual,30.61,231695.91,2024-05-03
LN-00591,MB-0281,2125000.0,2024800.0,12,20.72,203694.88,E,E3,2022-11-01,Current,Agriculture,Joint,5.77,1092735.24,2023-07-05
LN-00592,MB-0162,2044000.0,1842600.0,24,11.66,85726.97,B,B3,2021-03-09,Default,Wedding,Individual,33.59,479389.59,09-07-2021
LN-00593,MB-0027,471000.0,455000.0,24,10.02,20857.96,A,A1,2022-08-09,Current,Home Renovation,Joint,38.3,130351.11,2023-09-30
LN-00594,MB-0120,503000.0,470900.0,36,12.04,14655.45,B,B3,2022-11-13,CURRENT,Debt Consolidation,Joint,29.81,178260.78,2025-03-12
LN-00595,MB-0157,707000.0,671600.0,12,12.7,63074.43,B,B3,2023-02-12,FULLY PAID,Agriculture,Individual,41.35,289397.42,2023-10-18
LN-00596,MB-0320,972000.0,926100.0,60,10.6,17071.11,B,B4,2024-02-01,Charged Off,Education,Individual,4.08,508638.7,2025-06-01
LN-00597,MB-0249,402000.0,372600.0,36,9.0,11281.5,A,A2,2021-05-07,Charged Off,Debt Consolidation,Individual,23.47,40428.78,2021-07-23
LN-00598,MB-0325,1412000.0,1330500.0,24,9.23,60554.38,A,A2,2024-01-31,Current,Debt Consolidation,Individual,16.99,400368.82,2024-06-15
LN-00599,MB-0179,241000.0,237000.0,24,9.53,10816.09,A,A4,2023-06-10,Fully Paid,Education,Joint,23.69,266925.41,11-05-2025
LN-00600,MB-0041,1294000.0,1246200.0,12,18.72,123290.72,D,D4,01/11/2021,Fully Paid,Education,Joint,25.69,1534370.32,2022-10-16
LN-00601,MB-0189,2437000.0,2373400.0,24,14.99,113715.53,C,C5,2022-07-04,Charged Off,Agriculture,Individual,37.0,643712.82,2023-04-10
LN-00602,MB-0090,352000.0,324200.0,12,15.12,31101.59,C,C2,2023-01-04,Fully Paid,Debt Consolidation,Joint,5.83,349219.47,2023-12-19
LN-00603,MB-0134,2512000.0,2447600.0,36,15.64,78622.35,C,C2,2023-04-29,Current,Vehicle Purchase,Individual,17.26,1895159.4,2025-07-04
LN-00604,MB-0264,2172000.0,2035500.0,24,21.4,102962.38,E,E4,2022-03-05,Fully Paid,Home Renovation,Joint,18.38,2482146.18,2024-03-08
LN-00605,MB-0020,633000.0,617600.0,36,11.97,19209.08,B,B5,2023-03-27,Fully Paid,Medical Emergency,Joint,13.61,721651.02,2026-03-31
LN-00606,MB-0057,669000.0,639000.0,60,8.04,11506.26,A,A1,2022-10-05,Late,Wedding,Individual,8.46,368340.74,2025-03-19
LN-00607,MB-0025,601000.0,558400.0,60,14.27,10634.73,C,C1,2022-07-09,Current,Agriculture,Joint,32.75,132111.17,24-05-2026
LN-00608,MB-0298,2148000.0,1940800.0,36,12.05,60407.4,B,B3,2024-07-24,Current,Agriculture,Joint,20.53,873918.64,2026-10-17
LN-00609,MB-0304,2549000.0,2536500.0,12,9.97,232449.09,A,A2,18/05/2022,Fully Paid,Debt Consolidation,Joint,27.37,2929855.38,2023-04-25
LN-00610,MB-0103,2367000.0,2151000.0,24,8.83,97538.89,A,A5,2022-05-21,Charged Off,Business Expansion,Individual,30.49,979378.08,2023-04-21
LN-00611,MB-0269,1732000.0,1570200.0,60,12.15,29349.65,B,B3,2023-03-26,Fully Paid,Vehicle Purchase,Individual,35.28,1864336.48,2028-02-10
LN-00612,MB-0096,782000.0,709600.0,12,13.66,67210.95,C,C2,2024-10-25,DEFAULT,Business Expansion,Individual,24.58,462468.56,2024-12-02
LN-00613,MB-0339,1522000.0,1381800.0,48,16.66,33583.5,D,D1,2021-12-24,Charged Off,Education,Individual,43.03,227539.43,2022-08-12
LN-00614,MB-0231,2997000.0,2861900.0,12,9.84,261959.25,A,A1,2023-06-04,Current,Business Expansion,Joint,33.87,1666952.56,2023-12-22
LN-00615,MB-0123,1808000.0,1695900.0,12,9.6,154892.2,A,A5,2023-08-30,fully paid,Home Renovation,Individual,21.68,544267.91,2023-11-03
LN-00616,MB-0303,2038000.0,1998600.0,24,15.04,95799.56,C,C1,2023-10-26,Current,Medical Emergency,Individual,10.03,610015.67,2024-03-13
LN-00617,MB-0208,2887000.0,2868800.0,24,10.58,132179.96,B,B4,2023-10-20,Current,Home Renovation,Individual,32.18,1558954.25,2024-01-13
LN-00618,MB-0327,2781000.0,2554600.0,60,11.41,47434.66,B,B2,2023-01-26,Current,Agriculture,Individual,5.06,1662485.32,18-07-2025
LN-00619,MB-0340,1282000.0,1236400.0,36,8.04,37105.74,A,A2,2024-10-29,Current,Home Renovation,Individual,28.96,280798.34,2026-01-23
LN-00620,MB-0222,2676000.0,2475200.0,48,11.75,57625.75,B,B5,2021-12-24,Fully Paid,Vehicle Purchase,Joint,37.33,2823368.67,2025-12-08
LN-00621,MB-0067,150000.0,147900.0,48,8.96,3357.33,A,A2,2023-03-03,FULLY PAID,Debt Consolidation,Joint,21.99,105102.41,2023-05-15
LN-00622,MB-0333,1453000.0,1369800.0,60,21.07,27640.28,E,E1,2024-10-25,Current,Wedding,Individual,11.68,529415.66,2027-08-23
LN-00623,MB-0068,1880000.0,1833900.0,36,10.01,56040.93,A,A3,2024-02-20,Fully Paid,Vehicle Purchase,Joint,10.22,1999954.29,2027-01-17
LN-00624,MB-0130,1858000.0,1768200.0,24,9.85,80931.99,A,A1,2022-06-06,Current,Home Renovation,Joint,3.07,804808.62,2023-01-14
LN-00625,MB-0315,510000.0,464200.0,48,11.4,10773.31,B,B1,2021-10-17,Fully Paid,Agriculture,Individual,38.26,486112.92,2025-10-02
LN-00626,MB-0140,393000.0,373100.0,24,7.55,16719.54,A,A2,2021-05-28,FULLY PAID,Wedding,Joint,10.31,309673.55,2021-12-21
LN-00627,MB-0098,2394000.0,2319000.0,36,16.34,74942.35,C,C1,2022-09-08,Current,Business Expansion,Joint,40.65,1814189.14,2023-10-31
LN-00628,MB-0139,2937000.0,2819900.0,48,15.76,68006.59,C,C4,2024-06-17,Charged Off,Agriculture,Joint,3.1,1573797.93,21-04-2026
LN-00629,MB-0075,1766000.0,1722500.0,48,8.37,38889.03,A,A1,2024-08-16,Fully Paid,Business Expansion,Individual,18.11,2125421.72,2028-07-06
LN-00630,MB-0292,211000.0,198900.0,36,21.63,6720.06,E,E3,2024-09-27,Current,Agriculture,Joint,37.18,163147.54,2026-04-27
LN-00631,MB-0025,1321000.0,1200800.0,60,12.66,22547.02,B,B2,2021-06-06,charged off,Wedding,Individual,17.71,711405.55,2022-10-25
LN-00632,MB-0293,1199000.0,1107300.0,48,9.82,25334.1,A,A2,2022-10-19,current,Education,Joint,3.71,590166.47,2024-12-22
LN-00633,MB-0040,2801000.0,2633000.0,24,16.65,127974.77,D,D4,17/12/2021,FULLY PAID,Medical Emergency,Joint,21.49,972166.31,2023-06-21
LN-00634,MB-0305,1131000.0,1073000.0,24,15.89,51812.49,C,C5,2024-08-17,Current,Home Renovation,Joint,6.36,744266.34,2025-03-20
LN-00635,MB-0158,2611000.0,2497600.0,12,9.36,227614.61,A,A2,2023-12-28,Current,Education,Individual,39.0,1060864.06,2024-02-26
LN-00636,MB-0262,211000.0,195200.0,60,13.67,3698.06,C,C1,08/09/2024,Charged Off,Education,Individual,20.08,104352.42,2025-03-23
LN-00637,MB-0274,97000.0,88400.0,48,16.34,2142.59,C,C2,2024-10-05,Fully Paid,Business Expansion,Joint,31.39,108129.18,2028-09-27
LN-00638,MB-0309,604000.0,550500.0,60,14.71,10524.64,C,C3,28/12/2021,Current,Education,Individual,24.49,374832.76,2024-09-22
LN-00639,MB-0235,2277000.0,2129600.0,60,10.77,39315.97,B,B5,2021-06-16,Current,Medical Emergency,Joint,38.58,1465132.28,2025-03-04
LN-00640,MB-0236,1163000.0,1080600.0,24,9.3,49212.33,A,A3,2022-07-21,Fully Paid,Vehicle Purchase,Joint,27.71,1105924.68,2024-07-24
LN-00641,MB-0212,221000.0,205400.0,48,14.96,4919.33,C,C2,2022-05-01,Fully Paid,Agriculture,Joint,9.25,219531.51,2026-04-28
LN-00642,MB-0192,286000.0,272700.0,24,16.26,13210.04,C,C1,2022-10-15,Fully Paid,Wedding,Joint,28.4,310480.1,2024-10-21
LN-00643,MB-0230,1449000.0,1387600.0,36,12.91,43520.53,B,B1,2021-11-23,CURRENT,Education,Individual,8.66,844033.39,2023-05-30
LN-00644,MB-0215,2950000.0,2875100.0,36,8.64,86764.13,A,A2,2024-11-03,Current,Wedding,Joint,29.05,2087433.02,2026-08-06
LN-00645,MB-0318,2292000.0,2222600.0,24,14.82,106332.89,C,C4,2024-08-28,Late,Education,Individual,41.47,1370618.73,2026-04-11
LN-00646,MB-0118,2580000.0,2474200.0,60,12.65,46453.11,B,B1,2023-01-12,default,Education,Joint,7.6,2046414.59,2024-03-04
LN-00647,MB-0138,2841000.0,2765600.0,36,12.4,86348.18,B,B2,2021-03-10,fully paid,Education,Joint,2.23,2093198.64,2022-02-19
LN-00648,MB-0316,817000.0,807500.0,36,16.25,26075.52,C,C3,2024-10-03,Current,Debt Consolidation,Individual,28.5,410694.01,2026-07-09
LN-00649,MB-0186,1823000.0,1678900.0,60,15.89,32427.95,C,C4,2023-01-25,Charged Off,Medical Emergency,Joint,11.58,770385.91,2026-04-25
LN-00650,MB-0003,2493000.0,2326900.0,24,14.52,111031.91,C,C1,2021-11-05,Current,Education,Individual,21.99,1434446.51,2021-12-16
LN-00651,MB-0211,579000.0,560100.0,12,13.38,52920.11,B,B3,2022-12-14,Current,Agriculture,Joint,14.28,234830.48,2023-06-25
LN-00652,MB-0192,447000.0,416800.0,60,11.8,7766.37,B,B1,2022-05-27,Fully Paid,Education,Joint,4.62,494076.0,2027-04-13
LN-00653,MB-0342,2041000.0,2023300.0,36,14.16,64161.09,C,C2,2022-10-19,Current,Wedding,Joint,38.11,888425.83,2023-11-08
LN-00654,MB-0044,1311000.0,1224400.0,60,8.37,22114.7,A,A4,2023-10-02,Current,Vehicle Purchase,Joint,25.2,580858.69,2024-11-17
LN-00655,MB-0092,296000.0,269100.0,12,8.26,24277.3,A,A2,2023-01-27,CURRENT,Agriculture,Joint,43.06,109717.37,2023-09-20
LN-00656,MB-0121,2344000.0,2211200.0,12,18.17,217747.92,D,D2,2024-10-20,Default,Debt Consolidation,Individual,18.92,956127.37,2024-12-17
LN-00657,MB-0032,2703000.0,2566800.0,60,22.36,52345.61,E,E2,2022-06-19,Fully Paid,Medical Emergency,Joint,27.53,2922210.21,2027-06-10
LN-00658,MB-0024,2098000.0,2045500.0,24,7.69,91783.29,A,A1,2022-04-07,Late,Home Renovation,Joint,16.1,646075.84,2023-11-24
LN-00659,MB-0130,1694000.0,1577000.0,48,9.28,35903.03,A,A1,2022-11-04,FULLY PAID,Medical Emergency,Joint,12.16,942744.09,2024-07-03
LN-00660,MB-0130,1245000.0,1153100.0,48,8.61,26091.29,A,A1,2022-11-11,fully paid,Home Renovation,Individual,33.53,734787.69,2024-07-19
LN-00661,MB-0187,1959000.0,1849500.0,60,10.14,33950.65,A,A5,2023-09-01,Fully Paid,Debt Consolidation,Joint,13.15,1974735.35,2028-08-04
LN-00662,MB-0218,2548000.0,2368200.0,36,14.77,75499.53,C,C2,2024-03-22,current,Home Renovation,Joint,7.01,1255378.25,2026-07-26
LN-00663,MB-0067,275000.0,270700.0,24,12.27,12663.12,B,B2,2023-09-11,FULLY PAID,Vehicle Purchase,Individual,24.68,56314.91,2024-03-17
LN-00664,MB-0268,530000.0,497300.0,12,10.56,45817.91,B,B4,2022-10-23,Fully Paid,Education,Individual,5.43,585905.32,2023-10-06
LN-00665,MB-0071,1663000.0,1613300.0,12,8.55,145936.43,A,A4,19/11/2022,Current,Wedding,Individual,26.19,1195412.31,2023-02-19
LN-00666,MB-0086,990000.0,942800.0,36,10.05,28820.87,A,A2,2022-09-13,Current,Home Renovation,Joint,42.46,651117.37,2023-04-24
LN-00667,MB-0078,407000.0,371000.0,36,9.06,11239.24,A,A5,2023-09-14,Fully Paid,Business Expansion,Individual,21.15,391509.32,2026-08-30
LN-00668,MB-0072,2756000.0,2740100.0,60,12.42,51340.34,B,B1,2024-08-29,Charged Off,Wedding,Individual,21.22,387795.41,2027-02-08
LN-00669,MB-0259,284000.0,268800.0,60,8.61,4865.73,A,A4,26/03/2023,Current,Debt Consolidation,Individual,35.46,206629.73,2025-12-26
LN-00670,MB-0098,1478000.0,1476300.0,60,8.06,26588.16,A,A5,2021-10-26,Current,Business Expansion,Individual,16.89,1165538.23,2025-05-13
LN-00671,MB-0308,2580000.0,2568200.0,60,9.92,47049.42,A,A4,2023-03-09,Fully Paid,Debt Consolidation,Individual,2.0,2772299.15,2028-02-19
LN-00672,MB-0159,2768000.0,2598100.0,60,15.88,50177.97,C,C1,2021-01-05,Fully Paid,Agriculture,Joint,17.24,2997908.58,22-11-2025
LN-00673,MB-0113,723000.0,721700.0,12,9.81,66041.56,A,A1,2024-01-24,Fully Paid,Debt Consolidation,Joint,39.41,811054.22,10-01-2025
LN-00674,MB-0206,1074000.0,1008900.0,12,9.46,92028.49,A,A2,2021-06-16,Fully Paid,Wedding,Joint,35.37,1119478.27,2022-06-09
LN-00675,MB-0207,2638000.0,2407900.0,12,15.19,231138.33,C,C3,2021-06-14,default,Education,Joint,38.78,630211.71,2022-01-09
LN-00676,MB-0340,2093000.0,1964000.0,60,12.52,36831.55,B,B3,2022-09-15,Default,Medical Emergency,Individual,6.12,260882.21,2025-09-16
LN-00677,MB-0115,222000.0,222000.0,36,8.57,6695.15,A,A2,2024-11-10,Current,Debt Consolidation,Individual,12.72,134865.63,2026-11-19
LN-00678,MB-0114,1860000.0,1745600.0,24,7.83,78428.35,A,A5,2023-04-11,CURRENT,Wedding,Individual,29.21,369251.86,15-02-2024
LN-00679,MB-0116,2615000.0,2494500.0,60,7.76,44801.22,A,A1,2024-11-15,Charged Off,Agriculture,Joint,13.17,950568.46,2027-12-17
LN-00680,MB-0186,347000.0,346600.0,12,14.53,33080.08,C,C3,2021-06-30,Default,Wedding,Joint,20.0,181890.71,2021-10-13
LN-00681,MB-0220,1234000.0,1131700.0,12,19.1,112321.22,D,D5,2021-06-21,fully paid,Wedding,Joint,11.03,664798.85,2021-10-07
LN-00682,MB-0032,153000.0,137700.0,12,13.55,13029.86,C,C3,2023-10-19,CURRENT,Education,Joint,15.93,99770.1,2024-03-17
LN-00683,MB-0222,506000.0,456700.0,24,11.64,21244.16,B,B4,2022-02-28,current,Education,Individual,31.56,166076.53,2023-08-05
LN-00684,MB-0062,1371000.0,1369700.0,24,10.89,63285.85,B,B5,2024-11-18,Current,Wedding,Joint,41.5,716293.4,2025-05-21
LN-00685,MB-0320,347000.0,343500.0,36,15.31,11002.5,C,C5,2022-03-12,Late,Wedding,Joint,14.26,72877.23,17-01-2023
LN-00686,MB-0255,319000.0,293500.0,48,8.84,6655.11,A,A3,2021-08-08,Fully Paid,Home Renovation,Individual,15.37,325048.24,2025-07-08
LN-00687,MB-0037,1555000.0,1483200.0,48,14.71,35445.39,C,C4,2021-02-16,Fully Paid,Education,Joint,17.71,1798506.99,2025-01-25
LN-00688,MB-0026,2743000.0,2566300.0,36,16.59,83112.48,D,D1,2023-10-28,Current,Medical Emergency,Joint,23.4,1610230.31,2024-11-04
LN-00689,MB-0345,1193000.0,1171600.0,12,14.11,111409.4,C,C4,2023-10-25,FULLY PAID,Wedding,Individual,27.51,1044861.72,2024-03-29
LN-00690,MB-0029,336000.0,330100.0,12,10.26,30330.69,A,A3,2022-04-04,Fully Paid,Wedding,Joint,38.35,372973.83,2023-03-27
LN-00691,MB-0136,2324000.0,2099800.0,48,17.62,51453.85,D,D2,2021-05-27,Current,Agriculture,Joint,25.43,627865.6,2023-01-09
LN-00692,MB-0223,930000.0,870900.0,24,19.2,43254.7,D,D4,2022-07-26,Charged Off,Business Expansion,Joint,16.25,343825.44,2023-01-05
LN-00693,MB-0215,2696000.0,2679100.0,48,15.86,64666.78,C,C3,2021-07-10,charged off,Home Renovation,Joint,33.25,448583.92,2022-07-09
LN-00694,MB-0138,1140000.0,1037500.0,48,8.75,23505.86,A,A2,2022-05-30,Late,Debt Consolidation,Individual,13.98,726744.16,2024-08-19
LN-00695,MB-0207,2808000.0,2677700.0,12,7.99,240970.69,A,A3,2022-12-04,Fully Paid,Agriculture,Joint,41.72,3198623.98,2023-12-19
LN-00696,MB-0021,412000.0,393400.0,12,15.14,37746.73,C,C4,2024-11-26,Current,Debt Consolidation,Joint,31.95,212994.69,2025-09-22
LN-00697,MB-0283,1627000.0,1534000.0,36,23.2,52496.89,E,E5,2021-12-05,CURRENT,Home Renovation,Individual,12.87,1146006.97,2023-11-26
LN-00698,MB-0089,1080000.0,1018100.0,24,12.55,47744.65,B,B1,2024-11-20,Fully Paid,Wedding,Joint,32.17,1080617.98,2026-10-27
LN-00699,MB-0072,2711000.0,2445800.0,12,16.11,236651.53,C,C3,2023-08-23,Fully Paid,Medical Emergency,Joint,25.44,2806314.73,2024-08-19
LN-00700,MB-0260,2545000.0,2525700.0,12,8.11,227544.52,A,A5,2023-03-30,Current,Education,Joint,34.08,1344872.18,2023-08-09
LN-00701,MB-0131,599000.0,555400.0,12,12.82,52216.86,B,B5,2023-12-06,Fully Paid,Medical Emergency,Individual,29.91,587719.56,2024-11-27
LN-00702,MB-0181,1932000.0,1812900.0,60,9.93,33215.35,A,A2,2021-01-11,Current,Wedding,Joint,10.44,407926.15,2021-03-14
LN-00703,MB-0278,1513000.0,1460600.0,36,12.3,45562.61,B,B5,2021-01-29,Fully Paid,Agriculture,Individual,32.05,1535767.84,2023-12-31
LN-00704,MB-0310,1157000.0,1116500.0,24,10.75,51521.82,B,B2,2024-06-28,Fully Paid,Debt Consolidation,Individual,20.49,1380526.11,2026-06-23
LN-00705,MB-0096,401000.0,367600.0,48,8.38,8300.1,A,A4,2021-05-01,Default,Education,Individual,2.18,123543.06,2023-08-23
LN-00706,MB-0020,785000.0,736700.0,36,22.77,25123.52,E,E1,2021-10-07,Current,Debt Consolidation,Joint,20.61,561809.67,2021-11-15
LN-00707,MB-0118,376000.0,348200.0,36,12.2,10852.23,B,B3,2024-08-10,Fully Paid,Business Expansion,Individual,27.78,403979.01,2027-07-26
LN-00708,MB-0006,744000.0,686200.0,24,20.71,34513.0,E,E4,2021-07-15,Fully Paid,Home Renovation,Joint,5.05,728491.13,2023-06-29
LN-00709,MB-0152,1357000.0,1356600.0,60,12.69,25479.21,B,B3,2021-02-25,Late,Vehicle Purchase,Joint,14.03,1163323.13,2024-08-04
LN-00710,MB-0263,2601000.0,2538700.0,12,12.66,238341.62,B,B3,2021-06-22,Charged Off,Debt Consolidation,Individual,37.05,330492.09,2022-01-07
LN-00711,MB-0067,2435000.0,2290600.0,36,11.23,70773.18,B,B1,2022-08-24,Fully Paid,Vehicle Purchase,Individual,35.43,2737408.15,2025-08-18
LN-00712,MB-0165,305000.0,281400.0,48,7.81,6320.36,A,A3,2022-04-02,Fully Paid,Vehicle Purchase,Individual,39.05,323172.75,2026-02-22
LN-00713,MB-0260,1552000.0,1481800.0,36,11.28,45804.08,B,B2,2022-03-13,charged off,Home Renovation,Joint,35.24,175280.78,2024-01-08
LN-00714,MB-0226,707000.0,706900.0,48,9.25,16089.34,A,A4,2021-02-12,Fully Paid,Home Renovation,Joint,16.69,788946.7,2025-02-09
LN-00715,MB-0105,1374000.0,1280200.0,36,21.04,43043.17,E,E1,2022-02-14,Fully Paid,Medical Emergency,Individual,19.71,1482980.15,2025-01-23
LN-00716,MB-0044,1260000.0,1159200.0,36,12.22,36134.84,B,B5,2021-09-06,Current,Vehicle Purchase,Individual,30.8,1033945.76,2023-10-02
LN-00717,MB-0190,1907000.0,1821900.0,48,12.44,42678.01,B,B2,2023-07-23,Current,Agriculture,Individual,42.29,1604412.16,2025-01-24
LN-00718,MB-0011,268000.0,249200.0,48,16.14,6029.6,C,C2,2023-10-24,Charged Off,Agriculture,Joint,15.77,49260.63,2026-03-16
LN-00719,MB-0315,2623000.0,2604000.0,24,7.92,117093.2,A,A5,2023-03-06,Fully Paid,Agriculture,Joint,13.9,2932009.22,2025-02-13
LN-00720,MB-0277,602000.0,554900.0,12,11.8,51698.18,B,B3,2021-12-29,Fully Paid,Medical Emergency,Joint,9.51,617602.15,2022-12-15
LN-00721,MB-0327,2155000.0,2111700.0,48,8.3,47645.23,A,A3,2024-03-15,Fully Paid,Vehicle Purchase,Individual,5.11,2308595.01,04-02-2028
LN-00722,MB-0141,1343000.0,1285600.0,24,16.43,62367.67,C,C1,2024-10-08,Fully Paid,Home Renovation,Individual,23.77,1434530.05,22-09-2026
LN-00723,MB-0280,625000.0,575900.0,60,15.18,11055.36,C,C2,2023-11-14,Fully Paid,Agriculture,Joint,17.37,686953.82,2028-10-25
LN-00724,MB-0152,2263000.0,2092700.0,60,13.0,39412.52,B,B1,2023-05-12,Fully Paid,Business Expansion,Joint,41.37,2344623.74,2028-05-05
LN-00725,MB-0170,2082000.0,1886300.0,12,8.19,170065.66,A,A1,2024-06-15,Fully Paid,Business Expansion,Joint,10.04,2306691.57,2025-06-29
LN-00726,MB-0282,2189000.0,2131100.0,60,14.47,40657.84,C,C2,2023-06-23,Fully Paid,Education,Individual,30.33,2441652.74,2028-05-31
LN-00727,MB-0067,176000.0,174100.0,12,13.89,16523.54,C,C1,2024-08-15,Fully Paid,Vehicle Purchase,Joint,40.74,179842.77,2025-07-24
LN-00728,MB-0193,1095000.0,1056200.0,60,12.22,19754.46,B,B1,2021-06-04,Current,Medical Emergency,Individual,29.26,385866.85,2024-10-13
LN-00729,MB-0127,575000.0,557700.0,60,13.16,10518.22,B,B5,08/05/2023,Fully Paid,Business Expansion,Individual,19.61,675980.33,2028-04-01
LN-00730,MB-0066,1128000.0,1116300.0,60,12.4,20912.02,B,B4,2023-11-11,Fully Paid,Medical Emergency,Joint,35.72,1386560.69,2028-09-26
LN-00731,MB-0022,2162000.0,2095300.0,24,13.11,98749.74,B,B4,2023-12-17,Fully Paid,Home Renovation,Individual,27.1,2460682.02,2025-11-24
LN-00732,MB-0271,2009000.0,1973100.0,12,17.75,193610.44,D,D4,2021-01-15,Late,Vehicle Purchase,Joint,43.9,1694835.47,2021-06-29
LN-00733,MB-0094,1209000.0,1187800.0,48,14.82,28413.17,C,C1,2022-08-14,Charged Off,Business Expansion,Joint,42.65,332179.44,2023-05-07
LN-00734,MB-0197,2614000.0,2542000.0,24,11.08,117652.23,B,B1,2021-11-25,Fully Paid,Home Renovation,Joint,29.04,2681333.89,2023-11-23
LN-00735,MB-0124,1288000.0,1216200.0,24,11.51,56507.69,B,B2,2024-11-20,Fully Paid,Vehicle Purchase,Joint,35.94,1469919.8,2026-11-06
LN-00736,MB-0047,2608000.0,2489900.0,48,14.49,59389.3,C,C2,2021-11-03,Current,Medical Emergency,Individual,4.85,885756.95,2023-08-29
LN-00737,MB-0250,1489000.0,1447100.0,24,13.93,68695.04,C,C5,2021-04-16,Fully Paid,Medical Emergency,Individual,7.87,1616857.6,2023-04-08
LN-00738,MB-0090,1451000.0,1442900.0,60,16.27,27961.0,C,C2,2023-08-04,Current,Wedding,Individual,19.78,862990.7,2024-02-15
LN-00739,MB-0271,1644000.0,1572100.0,36,22.48,53486.34,E,E5,2023-06-30,Current,Vehicle Purchase,Individual,43.8,810596.17,2024-11-11
LN-00740,MB-0257,1475000.0,1384200.0,12,10.34,127277.19,A,A4,2024-03-30,Current,Medical Emergency,Individual,16.42,1034269.28,2024-04-30
LN-00741,MB-0100,1584000.0,1532100.0,36,14.49,48725.04,C,C3,2024-12-14,late,Medical Emergency,Individual,29.76,1052454.52,2026-09-29
LN-00742,MB-0090,770000.0,745200.0,36,10.95,22966.65,B,B3,2024-07-30,Charged Off,Medical Emergency,Joint,15.52,384573.56,2026-03-21
LN-00743,MB-0110,2698000.0,2659100.0,12,16.4,257932.7,C,C3,2024-10-10,Charged Off,Education,Joint,9.9,992200.3,2025-04-05
LN-00744,MB-0073,948000.0,931000.0,60,17.65,18255.36,D,D4,2022-07-11,CURRENT,Wedding,Joint,11.94,506375.72,2025-12-21
LN-00745,MB-0144,2651000.0,2417500.0,36,9.32,73411.42,A,A4,2024-06-12,fully paid,Wedding,Joint,13.4,1340349.89,2025-01-17
LN-00746,MB-0133,393000.0,357500.0,48,18.6,8833.23,D,D3,2023-02-23,Fully Paid,Business Expansion,Joint,42.66,365430.25,2027-02-03
LN-00747,MB-0107,2270000.0,2206400.0,24,10.77,101834.55,B,B3,2021-04-23,Current,Home Renovation,Individual,41.34,1718096.38,2021-06-28
LN-00748,MB-0213,736000.0,689900.0,24,14.67,32962.85,C,C2,2024-03-21,Fully Paid,Business Expansion,Individual,15.11,849183.49,2026-03-31
LN-00749,MB-0214,1300000.0,1235400.0,48,15.33,29683.06,C,C3,2024-12-22,fully paid,Agriculture,Joint,37.83,933146.48,2027-11-08
LN-00750,MB-0127,188000.0,184900.0,60,15.45,3557.78,C,C1,2024-10-28,CURRENT,Agriculture,Individual,34.83,70760.9,2026-11-01
LN-00751,MB-0167,2291000.0,2240000.0,48,8.32,50549.33,A,A3,2021-02-01,Current,Agriculture,Individual,41.24,555703.81,2022-03-22
LN-00752,MB-0123,2041000.0,1922000.0,12,11.24,178169.4,B,B4,13/11/2024,Fully Paid,Home Renovation,Individual,8.65,2175906.76,2025-11-06
LN-00753,MB-0087,2442000.0,2392400.0,24,8.41,108066.7,A,A3,2024-08-28,Current,Debt Consolidation,Individual,22.13,990559.93,2025-01-12
LN-00754,MB-0346,649000.0,609700.0,24,11.51,28328.19,B,B3,2023-11-14,Late,Medical Emergency,Individual,42.12,337149.27,2025-01-19
LN-00755,MB-0279,1686000.0,1518600.0,24,18.88,75221.32,D,D1,2023-06-07,Fully Paid,Agriculture,Joint,18.5,1702593.28,2025-05-18
LN-00756,MB-0176,226000.0,214300.0,36,16.4,6929.03,C,C2,2022-01-10,Charged Off,Business Expansion,Individual,9.79,34726.52,2023-01-21
LN-00757,MB-0101,1197000.0,1188100.0,12,7.98,106909.2,A,A5,2023-07-04,Fully Paid,Medical Emergency,Individual,36.16,1283087.62,2024-06-16
LN-00758,MB-0236,2232000.0,2071600.0,36,13.1,65082.77,B,B4,2021-06-20,Fully Paid,Vehicle Purchase,Individual,3.43,2268328.1,2024-05-28
LN-00759,MB-0214,1171000.0,1103700.0,48,18.3,27201.61,D,D4,2024-10-25,fully paid,Vehicle Purchase,Individual,9.31,857697.33,2026-08-25
LN-00760,MB-0274,2871000.0,2636500.0,24,13.73,124937.14,C,C2,2021-01-03,Late,Business Expansion,Individual,37.06,2165087.07,2021-12-06
LN-00761,MB-0123,188000.0,174600.0,12,11.79,16265.44,B,B3,2022-09-30,Fully Paid,Wedding,Joint,3.41,199848.63,2023-10-09
LN-00762,MB-0188,724000.0,694200.0,48,12.06,16206.68,B,B5,2024-03-16,Fully Paid,Medical Emergency,Individual,3.13,789525.29,2028-02-16
LN-00763,MB-0115,1937000.0,1927500.0,36,16.69,62477.77,D,D5,2023-10-31,CURRENT,Medical Emergency,Joint,19.98,964417.34,2024-01-15
LN-00764,MB-0226,1767000.0,1739200.0,36,8.68,52504.52,A,A5,2023-07-25,Fully Paid,Education,Individual,13.44,2070826.39,2026-06-29
LN-00765,MB-0094,1077000.0,1044800.0,48,18.94,25889.27,D,D5,2023-02-22,current,Education,Joint,28.03,873982.0,2023-07-01
LN-00766,MB-0174,905000.0,876600.0,48,8.32,19781.94,A,A4,2023-10-15,Fully Paid,Home Renovation,Individual,18.8,975712.28,2027-09-17
LN-00767,MB-0253,182000.0,165900.0,24,20.52,8330.95,E,E1,2024-04-10,Default,Education,Joint,26.29,70017.11,02-08-2025
LN-00768,MB-0221,2544000.0,2351700.0,48,8.88,53344.39,A,A4,2022-03-11,LATE,Agriculture,Joint,15.55,905929.18,2025-05-25
LN-00769,MB-0249,2689000.0,2577400.0,24,14.41,122866.81,C,C2,2022-10-07,Late,Agriculture,Individual,9.0,1851348.67,2023-01-15
LN-00770,MB-0002,2363000.0,2346200.0,60,13.98,44569.98,C,C5,2024-01-06,Fully Paid,Education,Joint,16.91,2403736.46,2028-12-15
LN-00771,MB-0197,2504000.0,2283700.0,24,13.58,108076.1,C,C3,2021-04-17,late,Business Expansion,Joint,15.36,1969499.4,2022-04-13
LN-00772,MB-0066,2178000.0,2170300.0,48,7.58,48641.85,A,A5,2022-05-18,Fully Paid,Business Expansion,Individual,9.77,2653954.56,2026-04-27
LN-00773,MB-0185,2243000.0,2030300.0,48,11.52,47170.64,B,B4,2021-06-20,Current,Medical Emergency,Joint,39.19,1384941.61,21-01-2023
LN-00774,MB-0093,811000.0,760700.0,24,19.37,37835.32,D,D2,2021-12-23,Fully Paid,Wedding,Joint,43.09,860136.36,2023-12-29
LN-00775,MB-0145,2821000.0,2662400.0,12,9.55,243054.93,A,A1,2021-11-29,Charged Off,Wedding,Joint,28.89,989206.45,2022-04-09
LN-00776,MB-0248,2755000.0,2501900.0,12,13.03,235658.13,B,B1,2022-11-23,Current,Education,Individual,6.48,1402203.13,2023-05-08
LN-00777,MB-0121,1021000.0,971400.0,48,8.25,21907.09,A,A5,2021-05-20,Fully Paid,Education,Individual,10.53,1156462.05,19-04-2025
LN-00778,MB-0176,1013000.0,996600.0,60,9.4,18171.34,A,A4,2023-12-11,Fully Paid,Vehicle Purchase,Joint,5.26,1039350.63,2028-12-02
LN-00779,MB-0315,2367000.0,2227700.0,60,16.04,43083.72,C,C4,15/02/2024,Fully Paid,Wedding,Individual,16.45,2414525.47,2029-02-01
LN-00780,MB-0006,1880000.0,1855000.0,36,12.44,57937.83,B,B3,2022-12-29,FULLY PAID,Debt Consolidation,Individual,17.52,644097.98,29-10-2023
LN-00781,MB-0090,500000.0,477800.0,12,21.69,48452.9,E,E5,2022-09-25,Late,Medical Emergency,Individual,41.87,179586.89,2022-10-31
LN-00782,MB-0210,2044000.0,2019900.0,36,12.14,62919.88,B,B5,2023-12-18,Fully Paid,Medical Emergency,Joint,23.98,2290574.83,2026-12-16
LN-00783,MB-0075,2739000.0,2507800.0,60,15.02,48074.53,C,C3,2023-01-16,Fully Paid,Home Renovation,Individual,15.74,2978720.84,2027-12-10
LN-00784,MB-0250,2303000.0,2100900.0,60,21.89,42679.78,E,E2,2024-11-25,Fully Paid,Debt Consolidation,Individual,40.94,2192547.88,2029-10-23
LN-00785,MB-0142,2460000.0,2255100.0,24,8.09,101564.07,A,A2,2024-02-02,Current,Business Expansion,Joint,38.16,1002688.12,2025-06-30
LN-00786,MB-0184,1518000.0,1459000.0,60,18.5,28815.25,D,D3,2023-07-11,Fully Paid,Medical Emergency,Individual,25.1,1638893.85,2028-06-28
LN-00787,MB-0097,1426000.0,1337100.0,36,15.71,42976.62,C,C4,2021-05-08,current,Home Renovation,Individual,32.57,637169.66,2023-02-15
LN-00788,MB-0146,707000.0,671000.0,24,10.66,30938.69,B,B2,2021-03-12,Late,Wedding,Individual,34.63,430762.83,2022-04-15
LN-00789,MB-0142,920000.0,886500.0,12,16.03,85717.16,C,C2,2024-04-12,Current,Agriculture,Individual,35.26,631769.75,2024-07-05
LN-00790,MB-0294,1487000.0,1382400.0,48,8.08,31127.04,A,A1,2021-04-23,CURRENT,Agriculture,Joint,9.69,643499.02,2023-11-02
LN-00791,MB-0190,791000.0,778100.0,60,22.53,15890.1,E,E2,2021-01-13,Default,Vehicle Purchase,Joint,36.2,121347.91,2023-07-26
LN-00792,MB-0078,120000.0,115600.0,36,21.83,3912.1,E,E2,2023-07-25,Fully Paid,Medical Emergency,Joint,24.74,132005.16,2026-06-28
LN-00793,MB-0166,872000.0,827200.0,48,8.21,18648.19,A,A3,2023-10-25,Current,Medical Emergency,Joint,33.61,302242.49,2024-06-02
LN-00794,MB-0318,2959000.0,2890800.0,24,21.18,145961.31,E,E3,08/04/2023,Default,Vehicle Purchase,Joint,13.47,1481428.36,2024-02-17
LN-00795,MB-0341,364000.0,342700.0,36,17.19,11155.84,D,D2,17/11/2022,Fully Paid,Education,Individual,37.64,384089.83,2025-11-13
LN-00796,MB-0334,1745000.0,1686900.0,24,11.38,78286.22,B,B2,2022-12-16,Fully Paid,Debt Consolidation,Individual,5.55,2025413.44,2024-11-30
LN-00797,MB-0332,2048000.0,2030200.0,12,8.27,183174.8,A,A1,2021-04-21,Fully Paid,Education,Joint,24.75,2127891.02,2022-04-02
LN-00798,MB-0037,1500000.0,1441800.0,36,8.81,43578.4,A,A2,2024-02-12,LATE,Wedding,Joint,2.6,1097668.27,2024-12-25
LN-00799,MB-0254,2383000.0,2173700.0,24,15.78,104862.91,C,C5,2021-11-22,Fully Paid,Debt Consolidation,Joint,8.19,2242731.01,2023-10-27
LN-00800,MB-0123,1097000.0,1052300.0,48,15.61,25345.08,C,C4,2024-02-20,Fully Paid,Vehicle Purchase,Individual,37.27,1104989.53,2028-01-24
LN-00801,MB-0080,869000.0,794200.0,36,23.11,27159.43,E,E2,2024-11-27,Charged Off,Business Expansion,Joint,4.13,423965.32,2025-12-23
LN-00802,MB-0003,2388000.0,2315100.0,12,8.05,208455.46,A,A4,2024-10-04,Current,Medical Emergency,Individual,12.23,475615.71,2025-01-26
LN-00803,MB-0006,2848000.0,2737200.0,12,9.02,248674.62,A,A3,2023-08-29,Fully Paid,Home Renovation,Joint,26.66,3282380.08,2024-08-15
LN-00804,MB-0210,2797000.0,2550600.0,48,14.05,60603.32,C,C3,2024-04-29,Default,Agriculture,Individual,24.36,1046910.99,2026-05-11
LN-00805,MB-0092,1432000.0,1387400.0,48,11.99,32369.78,B,B2,2023-08-08,Current,Medical Emergency,Joint,2.23,815597.47,2025-07-11
LN-00806,MB-0034,1441000.0,1338200.0,60,7.92,24069.76,A,A3,2021-06-13,Current,Home Renovation,Joint,40.97,741036.15,2023-12-25
LN-00807,MB-0092,2299000.0,2201400.0,12,15.29,211499.51,C,C5,2021-07-08,CURRENT,Debt Consolidation,Individual,11.28,598139.59,2022-03-05
LN-00808,MB-0218,1345000.0,1323000.0,24,10.63,60984.79,B,B2,2021-01-11,Fully Paid,Home Renovation,Joint,28.73,1497975.53,2022-12-23
LN-00809,MB-0237,2123000.0,2093800.0,36,17.7,68455.63,D,D2,2022-11-02,fully paid,Agriculture,Individual,42.99,458599.25,2025-04-09
LN-00810,MB-0311,2127000.0,2098300.0,12,12.59,196873.0,B,B5,2021-08-23,Late,Agriculture,Individual,35.96,569792.65,2021-12-19
LN-00811,MB-0267,2003000.0,1917000.0,36,14.86,61162.95,C,C5,2023-10-09,Current,Agriculture,Individual,5.04,1718048.29,2025-06-30
LN-00812,MB-0137,934000.0,853200.0,36,9.11,25859.07,A,A1,2023-12-31,Current,Vehicle Purchase,Joint,33.35,404220.34,2026-03-17
LN-00813,MB-0211,1798000.0,1678400.0,12,7.92,150944.11,A,A5,2021-05-16,Charged Off,Vehicle Purchase,Individual,3.42,589728.36,2021-07-19
LN-00814,MB-0100,2462000.0,2432600.0,12,21.33,245956.13,E,E5,2021-10-06,Fully Paid,Vehicle Purchase,Individual,19.04,2874199.64,2022-10-21
LN-00815,MB-0165,2922000.0,2759100.0,12,16.5,267862.62,C,C4,2022-12-06,Charged Off,Vehicle Purchase,Joint,33.05,1414819.71,2023-04-26
LN-00816,MB-0189,2082000.0,1893400.0,24,15.5,91119.88,C,C4,2021-02-24,Fully Paid,Home Renovation,Joint,30.81,2307974.94,2023-02-10
LN-00817,MB-0162,723000.0,656800.0,60,8.81,11911.07,A,A4,2021-11-05,Default,Business Expansion,Individual,36.11,140685.27,2023-09-12
LN-00818,MB-0253,832000.0,755900.0,60,14.1,14374.7,C,C4,2024-02-08,Fully Paid,Education,Individual,39.44,849395.34,2029-01-14
LN-00819,MB-0050,944000.0,920200.0,48,8.64,20827.19,A,A4,2024-10-17,Current,Medical Emergency,Individual,17.0,717821.75,2026-01-22
LN-00820,MB-0196,2522000.0,2332300.0,60,17.54,45689.76,D,D5,2023-01-11,Current,Business Expansion,Joint,26.95,702449.8,2024-10-21
LN-00821,MB-0109,2271000.0,2113600.0,36,16.94,68656.77,D,D4,2022-12-25,Fully Paid,Education,Individual,30.45,2470511.55,2025-12-11
LN-00822,MB-0253,506000.0,492500.0,48,14.05,11702.01,C,C2,2024-08-21,Fully Paid,Education,Joint,5.47,526726.52,13-07-2028
LN-00823,MB-0328,1767000.0,1600000.0,60,10.58,29488.0,B,B3,2024-05-17,Current,Business Expansion,Individual,41.89,1233653.31,2027-08-05
LN-00824,MB-0230,694000.0,689800.0,36,13.39,21726.78,B,B3,2023-10-26,Current,Education,Joint,18.6,585160.73,2024-01-28
LN-00825,MB-0252,1778000.0,1673900.0,12,11.83,155993.53,B,B3,2022-01-23,Late,Vehicle Purchase,Joint,7.43,448449.28,2022-04-29
LN-00826,MB-0187,745000.0,673400.0,24,15.73,32471.91,C,C3,29/03/2021,Current,Debt Consolidation,Individual,30.98,435636.42,2021-10-10
LN-00827,MB-0173,2008000.0,1834300.0,12,8.41,165713.72,A,A4,2021-07-29,Current,Medical Emergency,Joint,40.93,656329.92,2022-05-21
LN-00828,MB-0038,1552000.0,1531100.0,48,14.87,36641.14,C,C1,2024-02-02,fully paid,Wedding,Individual,3.87,1364602.89,2025-01-07
LN-00829,MB-0313,2545000.0,2403400.0,48,17.24,58703.05,D,D5,2022-09-15,Default,Business Expansion,Individual,3.85,617138.61,2023-04-13
LN-00830,MB-0255,341000.0,308900.0,48,11.36,7166.48,B,B5,2023-09-18,Current,Business Expansion,Individual,42.78,210846.46,2025-05-26
LN-00831,MB-0185,814000.0,791700.0,24,12.1,36978.99,B,B3,2023-04-17,current,Vehicle Purchase,Joint,41.53,396700.62,2024-08-14
LN-00832,MB-0025,423000.0,384000.0,48,12.15,8972.0,B,B4,2023-05-04,charged off,Education,Joint,43.0,227944.85,2025-11-28
LN-00833,MB-0285,725000.0,673600.0,12,14.22,64115.49,C,C4,2021-01-10,Fully Paid,Agriculture,Individual,41.68,724624.21,2021-12-16
LN-00834,MB-0328,335000.0,317000.0,24,10.61,14609.74,B,B4,2021-06-12,Current,Home Renovation,Joint,21.39,148571.63,2022-04-06
LN-00835,MB-0035,1004000.0,979700.0,48,14.22,23312.78,C,C5,11/04/2024,fully paid,Medical Emergency,Individual,38.75,707237.32,2026-05-01
LN-00836,MB-0135,191000.0,188500.0,36,10.8,5801.61,B,B1,05/12/2021,Fully Paid,Agriculture,Individual,39.32,217391.4,2024-11-20
LN-00837,MB-0212,2061000.0,2039600.0,48,11.72,47471.69,B,B5,2024-04-20,Fully Paid,Agriculture,Individual,34.91,2339782.91,2028-03-17
LN-00838,MB-0094,2648000.0,2528400.0,24,8.75,114568.12,A,A2,2023-06-07,Current,Home Renovation,Individual,26.45,740637.22,2024-01-11
LN-00839,MB-0100,2499000.0,2397100.0,24,9.0,108868.29,A,A2,2024-09-29,Fully Paid,Education,Joint,41.78,2539095.97,2026-09-07
LN-00840,MB-0036,1661000.0,1597700.0,24,17.46,78194.1,D,D5,2022-04-19,Late,Medical Emergency,Individual,41.31,1093951.25,2022-06-22
LN-00841,MB-0259,2100000.0,1940400.0,60,9.74,35489.92,A,A5,2023-11-25,fully paid,Vehicle Purchase,Joint,20.12,489903.3,2025-09-04
LN-00842,MB-0132,1154000.0,1079000.0,36,10.68,33173.26,B,B3,2021-06-29,Late,Medical Emergency,Individual,37.23,452796.66,2023-02-20
LN-00843,MB-0333,2796000.0,2766400.0,60,10.86,51113.85,B,B4,2023-12-07,CURRENT,Education,Joint,6.92,1759966.63,2027-02-02
LN-00844,MB-0214,1750000.0,1670400.0,60,14.31,31823.9,C,C2,2022-12-25,Fully Paid,Medical Emergency,Joint,24.46,1811713.07,2027-12-08
LN-00845,MB-0154,2332000.0,2279100.0,24,19.33,113318.75,D,D2,16/03/2023,current,Agriculture,Individual,14.01,1855273.66,2024-06-07
LN-00846,MB-0147,2049000.0,1996300.0,60,9.55,36449.11,A,A1,2021-09-29,Fully Paid,Education,Individual,20.07,2291366.71,2026-09-16
LN-00847,MB-0112,1184000.0,1129000.0,36,8.2,33932.72,A,A5,2022-05-31,fully paid,Debt Consolidation,Individual,16.95,833938.9,2022-12-15
LN-00848,MB-0249,366000.0,345000.0,60,17.79,6772.93,D,D2,2024-01-08,Fully Paid,Debt Consolidation,Joint,25.28,421295.56,25-12-2028
LN-00849,MB-0120,1955000.0,1870600.0,12,12.68,175649.34,B,B4,2022-05-22,Fully Paid,Debt Consolidation,Joint,8.98,2102316.05,2023-05-17
LN-00850,MB-0311,481000.0,452500.0,36,9.95,13820.1,A,A2,2024-04-12,Fully Paid,Wedding,Individual,9.98,512755.66,2027-04-10
LN-00851,MB-0006,936000.0,859100.0,12,15.69,82824.4,C,C5,2024-08-02,Current,Agriculture,Individual,35.89,566566.83,2025-04-27
LN-00852,MB-0011,1929000.0,1811100.0,48,13.64,42877.79,C,C1,2021-01-15,Current,Business Expansion,Joint,14.4,423348.85,2021-07-21
LN-00853,MB-0310,76000.0,69400.0,60,12.82,1304.95,B,B3,2022-10-09,Fully Paid,Agriculture,Joint,43.57,79452.07,2027-09-29
LN-00854,MB-0007,2034000.0,1923800.0,36,11.54,59605.74,B,B5,2021-06-10,Current,Agriculture,Individual,43.75,924336.85,2023-10-30
LN-00855,MB-0337,1307000.0,1267300.0,24,8.0,57028.5,A,A5,2024-08-01,Fully Paid,Business Expansion,Joint,20.71,1295614.85,2026-07-25
LN-00856,MB-0231,2297000.0,2127600.0,48,8.86,48252.19,A,A4,2023-09-18,Late,Medical Emergency,Joint,15.7,838525.18,2025-10-18
LN-00857,MB-0144,1164000.0,1090500.0,60,14.38,20788.56,C,C2,2024-09-01,Charged Off,Business Expansion,Joint,33.23,526390.17,2026-01-08
LN-00858,MB-0120,2634000.0,2460100.0,36,13.55,77595.65,C,C1,2023-12-09,Fully Paid,Business Expansion,Individual,21.08,2561558.04,2026-12-08
LN-00859,MB-0093,690000.0,659800.0,36,11.58,20450.13,B,B4,2022-01-12,Fully Paid,Wedding,Individual,7.93,732131.88,2024-12-25
LN-00860,MB-0081,2180000.0,2097300.0,60,8.7,37996.08,A,A4,2021-09-18,Fully Paid,Debt Consolidation,Individual,17.6,2451047.11,2026-08-24
LN-00861,MB-0268,2705000.0,2476700.0,12,10.38,227815.12,A,A2,2024-07-09,Fully Paid,Medical Emergency,Joint,7.14,2637400.08,2025-07-14
LN-00862,MB-0134,1787000.0,1678600.0,48,8.55,37960.84,A,A4,2023-06-26,Fully Paid,Agriculture,Joint,35.16,2067464.26,2027-05-23
LN-00863,MB-0060,1254000.0,1238900.0,24,12.22,57928.9,B,B5,2024-09-17,Current,Wedding,Individual,28.41,665224.31,2025-06-16
LN-00864,MB-0006,1573000.0,1482100.0,24,12.24,69312.88,B,B1,16/12/2021,FULLY PAID,Vehicle Purchase,Joint,12.01,604693.61,2023-08-04
LN-00865,MB-0267,113000.0,106100.0,24,14.95,5081.75,C,C5,2023-09-25,Fully Paid,Business Expansion,Individual,40.88,115108.27,2025-09-04
LN-00866,MB-0099,270000.0,261900.0,36,21.27,8822.39,E,E2,2023-07-15,Fully Paid,Home Renovation,Joint,37.57,269504.93,2026-06-12
LN-00867,MB-0159,2616000.0,2458900.0,36,8.39,74033.38,A,A3,2022-03-25,Fully Paid,Medical Emergency,Joint,7.45,2831741.23,2025-03-01
LN-00868,MB-0224,710000.0,694300.0,12,10.16,63736.74,A,A5,2022-03-26,current,Medical Emergency,Individual,7.86,485978.87,2022-06-17
LN-00869,MB-0137,379000.0,362900.0,60,15.56,6989.45,C,C3,2022-05-16,CURRENT,Home Renovation,Joint,36.72,288947.93,2023-10-16
LN-00870,MB-0197,1915000.0,1829500.0,60,9.07,33257.26,A,A4,2022-05-31,Fully Paid,Debt Consolidation,Individual,5.77,2175088.44,2027-05-06
LN-00871,MB-0246,936000.0,843500.0,48,14.55,20129.78,C,C3,2024-07-07,Late,Business Expansion,Individual,41.32,648814.63,2026-01-28
LN-00872,MB-0078,2057000.0,2023300.0,48,10.3,46493.75,A,A2,2024-06-13,Current,Wedding,Individual,38.2,1590623.65,2025-11-05
LN-00873,MB-0120,188000.0,184500.0,12,12.09,17233.84,B,B3,2022-10-08,Charged Off,Wedding,Joint,21.93,96326.36,2023-03-24
LN-00874,MB-0074,2104000.0,1966200.0,48,18.45,48520.08,D,D2,2023-12-21,Fully Paid,Agriculture,Individual,38.39,2104243.22,2027-12-20
LN-00875,MB-0173,1523000.0,1502300.0,36,23.2,51412.04,E,E3,2024-12-17,fully paid,Wedding,Joint,43.09,1044935.44,2025-08-03
LN-00876,MB-0246,321000.0,289500.0,48,12.52,6786.36,B,B5,2023-03-11,Current,Education,Joint,24.98,123544.41,2026-01-28
LN-00877,MB-0029,1695000.0,1533500.0,12,9.72,140213.02,A,A1,2023-09-29,Charged Off,Wedding,Individual,12.37,384387.16,2023-12-11
LN-00878,MB-0036,1190000.0,1088400.0,48,14.39,25937.93,C,C3,2022-04-15,Default,Agriculture,Joint,42.74,301132.38,2023-11-23
LN-00879,MB-0221,2244000.0,2059000.0,60,7.62,36931.6,A,A4,2023-11-22,Charged Off,Vehicle Purchase,Individual,32.94,764218.45,2025-11-25
LN-00880,MB-0220,372000.0,351800.0,60,8.19,6343.54,A,A4,2022-06-26,Current,Debt Consolidation,Joint,29.25,76876.28,2024-12-14
LN-00881,MB-0253,1778000.0,1682200.0,48,10.3,38655.55,A,A5,2022-01-18,Fully Paid,Wedding,Joint,18.1,1873874.29,2025-12-08
LN-00882,MB-0326,1461000.0,1456400.0,60,16.34,28239.6,C,C5,2024-09-08,Charged Off,Education,Joint,29.85,845268.43,2025-10-26
LN-00883,MB-0237,1671000.0,1504400.0,12,8.34,135822.25,A,A5,2022-11-21,Charged Off,Education,Joint,25.09,659972.8,2023-01-21
LN-00884,MB-0048,747000.0,696700.0,12,9.6,63631.93,A,A5,2024-05-26,Current,Medical Emergency,Joint,6.79,595869.25,2024-11-01
LN-00885,MB-0003,2654000.0,2582300.0,48,21.67,65455.93,E,E1,2021-06-07,Current,Business Expansion,Joint,3.67,2222290.16,2022-03-07
LN-00886,MB-0150,377000.0,357900.0,60,18.13,7046.45,D,D3,2022-01-12,Fully Paid,Debt Consolidation,Individual,37.63,424353.0,2026-12-13
LN-00887,MB-0017,1692000.0,1634100.0,60,10.54,30105.57,B,B3,2022-03-26,Current,Debt Consolidation,Joint,36.46,1317639.65,2022-09-05
LN-00888,MB-0056,295000.0,280600.0,24,9.16,12762.62,A,A1,04/01/2024,Fully Paid,Medical Emergency,Joint,8.12,321153.38,2025-12-16
LN-00889,MB-0203,2954000.0,2905700.0,36,9.16,88107.28,A,A3,2024-05-26,Current,Vehicle Purchase,Individual,40.73,1419358.29,2026-03-06
LN-00890,MB-0215,267000.0,264100.0,36,10.31,8092.46,A,A5,2021-07-06,Current,Agriculture,Joint,18.26,162301.49,2023-08-04
LN-00891,MB-0174,2600000.0,2378100.0,60,15.55,45798.24,C,C1,2021-04-26,CURRENT,Business Expansion,Joint,16.09,548337.82,2024-03-21
LN-00892,MB-0286,186000.0,177500.0,60,12.38,3324.57,B,B2,2024-11-28,fully paid,Business Expansion,Joint,32.12,141646.38,2027-12-16
LN-00893,MB-0125,2293000.0,2162300.0,12,17.42,211581.05,D,D2,2024-06-22,fully paid,Debt Consolidation,Joint,17.77,1294139.76,2025-01-09
LN-00894,MB-0002,959000.0,926100.0,36,13.46,29187.59,B,B3,2023-05-11,Fully Paid,Education,Individual,18.61,1072602.51,2026-05-06
LN-00895,MB-0054,486000.0,473700.0,12,14.04,45017.29,C,C4,2022-11-13,Late,Agriculture,Joint,2.06,256076.19,2023-07-08
LN-00896,MB-0315,1304000.0,1182600.0,60,18.54,23364.23,D,D4,2023-02-04,Current,Education,Individual,41.9,605464.95,2026-07-22
LN-00897,MB-0151,543000.0,522500.0,60,8.32,9432.87,A,A2,2023-05-24,Fully Paid,Vehicle Purchase,Individual,38.12,625498.35,14-04-2028
LN-00898,MB-0256,2081000.0,1977800.0,60,16.43,38379.21,C,C3,2024-01-26,Fully Paid,Home Renovation,Individual,28.75,2348844.29,2029-01-03
LN-00899,MB-0228,2693000.0,2623100.0,36,18.13,86074.11,D,D2,2022-10-29,Fully Paid,Medical Emergency,Individual,37.14,2911725.95,2025-10-22
LN-00900,MB-0041,2135000.0,2043200.0,60,10.7,37697.04,B,B3,2023-05-11,DEFAULT,Medical Emergency,Joint,39.05,1513531.25,2027-04-22
LN-00016,MB-0250,2411000.0,2178400.0,24,12.36,101985.43,B,B1,2024-05-13,Fully Paid,Agriculture,Joint,29.72,2336809.05,2026-05-22
LN-00301,MB-0039,2360000.0,2292200.0,12,20.85,230843.64,E,E5,2023-01-02,current,Agriculture,Joint,40.26,872102.04,2023-04-19
LN-00601,MB-0189,2437000.0,2373400.0,24,14.99,113715.53,C,C5,2022-07-04,Charged Off,Agriculture,Individual,37.0,643712.82,2023-04-10
